-- MySQL Script generated by MySQL Workbench
-- 12/02/14 12:19:29
-- Model: New Model    Version: 1.0
SET @OLD_UNIQUE_CHECKS=@@UNIQUE_CHECKS, UNIQUE_CHECKS=0;
SET @OLD_FOREIGN_KEY_CHECKS=@@FOREIGN_KEY_CHECKS, FOREIGN_KEY_CHECKS=0;
SET @OLD_SQL_MODE=@@SQL_MODE, SQL_MODE='TRADITIONAL,ALLOW_INVALID_DATES';

-- -----------------------------------------------------
-- Schema tallerapp
-- -----------------------------------------------------
CREATE SCHEMA IF NOT EXISTS `tallerapp` DEFAULT CHARACTER SET utf8 ;
USE `tallerapp` ;

-- -----------------------------------------------------
-- Table `tallerapp`.`academico`
-- -----------------------------------------------------
DROP TABLE IF EXISTS `tallerapp`.`academico` ;

CREATE TABLE IF NOT EXISTS `tallerapp`.`academico` (
  `idacademico` INT(11) NOT NULL AUTO_INCREMENT,
  `nombre` VARCHAR(100) NOT NULL,
  `tipo` VARCHAR(45) NOT NULL,
  `correo` VARCHAR(50) NOT NULL,
  `web` VARCHAR(100) NOT NULL,
  `fono` VARCHAR(20) NOT NULL,
  `urlfoto` VARCHAR(100) NOT NULL,
  `estado` INT(11) NOT NULL,
  PRIMARY KEY (`idacademico`))
ENGINE = InnoDB
AUTO_INCREMENT = 13
DEFAULT CHARACTER SET = utf8;

INSERT INTO `academico` (`idacademico`, `nombre`, `tipo`, `correo`, `web`, `fono`, `urlfoto`, `estado`) VALUES
(1, 'Marco Aravena Vivar', 'Academico Jornada Completa', 'marco.aravena@uv.cl', 'profesores.decom-uv.cl/maravena/', '(56-32) 2508306', '/tallerapp/images/personas/no_foto_male.jpg', 1),
(2, 'Carla Taramasco Toro', 'Academico Jornada Completa', 'carla.taramasco@uv.cl', 'profesores.decom-uv.cl/ctaramasco/', 'Sin numero', '/tallerapp/images/personas/no_foto_female.jpg', 1),
(3, 'Roberto Muñoz Soto', 'Academico Jornada Completa', 'roberto.munoz.s@uv.cl', 'profesores.decom-uv.cl/rmunoz/', '(56-32) 2508309', '/tallerapp/images/personas/no_foto_male.jpg', 1),
(4, 'Gabriel Astudillo Muñoz', 'Academico Jornada Completa', 'gabriel.astudillo@uv.cl', 'informatica.uv.cl/~gabriel/', '(56-32) 2508307', '/tallerapp/images/personas/no_foto_male.jpg', 1),
(5, 'Carlos Becerra Castro', 'Academico Jornada Completa', 'carlos.becerra@uv.cl', 'profesores.decom-uv.cl/cbecerra/', '(56-32) 2508305', '/tallerapp/images/personas/no_foto_male.jpg', 1),
(6, 'Eliana Providel Godoy', 'Academico Jornada Completa', 'eliana.providel@uv.cl', 'profesores.decom-uv.cl/eprovidel/', '(56-32) 2508303', '/tallerapp/images/personas/no_foto_female.jpg', 1),
(7, 'Pablo Pérez Lantero', 'Academico Jornada Completa', 'pablo.perez@uv.cl', 'profesores.decom-uv.cl/pperez/', '(56-32) 2508302', '/tallerapp/images/personas/no_foto_male.jpg', 1),
(8, 'René Noël López', 'Academico Jornada Completa', 'rene.noel@uv.cl', 'profesores.decom-uv.cl/rnoel/', '(56-32) 2508303', '/tallerapp/images/personas/no_foto_male.jpg', 1),
(9, 'Cristián Carrión Valencia', 'Academico Jornada Parcial', 'ccarrion@senado.cl', 'profesores.decom-uv.cl/ccarrion/', 'Sin numero', '/tallerapp/images/personas/no_foto_male.jpg', 1),
(13, 'Marta Barría Martínez', 'Academico Jornada Completa', 'marta.barria@.uv.cl', 'profesores.decom-uv.cl/mbarria/', '(56-32) 2508311', '/tallerapp/images/personas/no_foto_female.jpg', 1);

-- -----------------------------------------------------
-- Table `tallerapp`.`administrativo`
-- -----------------------------------------------------
DROP TABLE IF EXISTS `tallerapp`.`administrativo` ;

CREATE TABLE IF NOT EXISTS `tallerapp`.`administrativo` (
  `idadministrativo` INT(11) NOT NULL AUTO_INCREMENT,
  `nombre` VARCHAR(100) NOT NULL,
  `cargo` VARCHAR(50) NOT NULL,
  `correo` VARCHAR(50) NOT NULL,
  `urlfoto` VARCHAR(100) NOT NULL,
  `estado` INT(11) NOT NULL,
  PRIMARY KEY (`idadministrativo`))
ENGINE = InnoDB
AUTO_INCREMENT = 5
DEFAULT CHARACTER SET = utf8;

INSERT INTO `administrativo` (`idadministrativo`, `nombre`, `cargo`, `correo`, `urlfoto`, `estado`) VALUES
(1, 'Carmen Gloria Navarrete', 'Secretaria Docencia', 'secretaria.decom@uv.cl', '/tallerapp/images/personas/cgnavarrete.jpg', 1),
(2, 'Margot Astete Ojeda', 'Secretaria Escuela', 'secretaria.decom@uv.cl', '/tallerapp/images/personas/mastete.jpg', 1),
(3, 'Sergio Diaz Tobar', 'Auxiliar Escuela', 'sin correo', '/tallerapp/images/personas/no_foto_male.jpg', 1),
(4, 'Daniel Peña Solís', 'Administrador de Sistemas', 'daniel.pena@uv.cl', '/tallerapp/images/personas/dpeña.jpg', 1);

-- -----------------------------------------------------
-- Table `tallerapp`.`area_trabajo_academico`
-- -----------------------------------------------------
DROP TABLE IF EXISTS `tallerapp`.`area_trabajo_academico` ;

CREATE TABLE IF NOT EXISTS `tallerapp`.`area_trabajo_academico` (
  `idarea_trabajo_academico` INT(11) NOT NULL AUTO_INCREMENT,
  `area` VARCHAR(100) NOT NULL,
  `academico_idacademico` INT(11) NOT NULL,
  PRIMARY KEY (`idarea_trabajo_academico`),
  INDEX `fk_area_trabajo_academico_academico1_idx` (`academico_idacademico` ASC),
  CONSTRAINT `fk_area_trabajo_academico_academico1`
    FOREIGN KEY (`academico_idacademico`)
    REFERENCES `tallerapp`.`academico` (`idacademico`)
    ON DELETE NO ACTION
    ON UPDATE NO ACTION)
ENGINE = InnoDB
AUTO_INCREMENT = 32
DEFAULT CHARACTER SET = utf8;

INSERT INTO `area_trabajo_academico` (`idarea_trabajo_academico`, `area`, `academico_idacademico`) VALUES
(1, 'Redes de Computadores', 0),
(2, 'Evaluación de Rendimiento de Sistemas Computacionales', 0),
(3, 'Redes de computadores', 1),
(4, 'Administración de Sistemas', 1),
(5, 'Teoría de redes Complejas', 2),
(6, 'Análisis de Redes Dinamicas (Topología y Difusión)', 2),
(7, 'Propagación de información en Redes', 2),
(8, 'Modelización y Simulación', 2),
(9, 'Interacción Persona Computador', 3),
(10, 'Informática en Educación', 3),
(11, 'Redes de Computadores', 4),
(12, 'Sistemas Operativos', 4),
(13, 'Ingeniería de Software Experimental', 5),
(14, 'Arquitectura de Software', 5),
(15, 'Categorización y Recomendación Automática de Objetos de Aprendizaje', 5),
(16, 'Geometría Discreta y Computacional', 7),
(17, 'Geometría de Optimización', 7),
(18, 'Algoritmos', 7),
(19, 'Estructuras de Datos', 7),
(20, 'Matemáticas Discretas', 7),
(21, 'Análisis y Diseño Orientado a Objetos', 8),
(22, 'Ingeniería de Software', 8),
(23, 'Gestión de Proyectos de Software', 8),
(24, 'Calidad de Software', 8),
(25, 'Ingeniería de Software Experimental', 8),
(26, 'Seguridad de Datos y Sistemas', 9),
(27, 'Senado de la República, Jefe de Operaciones, Depto de\nInformática', 9),
(28, 'Bases de Datos', 6);

-- -----------------------------------------------------
-- Table `tallerapp`.`malla`
-- -----------------------------------------------------
DROP TABLE IF EXISTS `tallerapp`.`malla` ;

CREATE TABLE IF NOT EXISTS `tallerapp`.`malla` (
  `idMalla` VARCHAR(3) NOT NULL,
  `nombre` VARCHAR(150) NOT NULL,
  PRIMARY KEY (`idMalla`))
ENGINE = InnoDB
DEFAULT CHARACTER SET = utf8;

INSERT INTO `malla` (`idMalla`, `nombre`) VALUES
('IEJ', 'PLAN INGENIERÍA DE EJECUCIÓN EN INFORMÁTICA'),
('IIN', 'PLAN INGENIERÍA EN INFORMÁTICA '),
('INC', 'PLAN INGENIERÍA CIVIL EN INFORMÁTICA');

-- -----------------------------------------------------
-- Table `tallerapp`.`semestre`
-- -----------------------------------------------------
DROP TABLE IF EXISTS `tallerapp`.`semestre` ;

CREATE TABLE IF NOT EXISTS `tallerapp`.`semestre` (
  `semestre` INT(2) NOT NULL,
  PRIMARY KEY (`semestre`))
ENGINE = InnoDB
DEFAULT CHARACTER SET = utf8;

INSERT INTO `semestre` (`semestre`) VALUES
(1),
(2),
(3),
(4),
(5),
(6),
(7),
(8),
(9),
(10),
(11),
(12);

-- -----------------------------------------------------
-- Table `tallerapp`.`asignatura`
-- -----------------------------------------------------
DROP TABLE IF EXISTS `tallerapp`.`asignatura` ;

CREATE TABLE IF NOT EXISTS `tallerapp`.`asignatura` (
  `id` INT(11) NOT NULL,
  `nombre` VARCHAR(200) NOT NULL,
  `numero` INT(11) NOT NULL,
  `descrip` TEXT NOT NULL,
  `semestre_semestre` INT(2) NOT NULL,
  `malla_idMalla` VARCHAR(3) NOT NULL,
  `profesor` VARCHAR(30) NOT NULL,
  `foto` VARCHAR(200) NOT NULL,
  `academico_idacademico` INT(11) NULL DEFAULT NULL,
  PRIMARY KEY (`id`),
  INDEX `fk_asignatura_semestre1_idx` (`semestre_semestre` ASC),
  INDEX `fk_asignatura_malla1_idx` (`malla_idMalla` ASC),
  INDEX `fk_asignatura_academico1_idx` (`academico_idacademico` ASC),
  CONSTRAINT `fk_asignatura_academico1`
    FOREIGN KEY (`academico_idacademico`)
    REFERENCES `tallerapp`.`academico` (`idacademico`)
    ON DELETE NO ACTION
    ON UPDATE NO ACTION,
  CONSTRAINT `fk_asignatura_malla1`
    FOREIGN KEY (`malla_idMalla`)
    REFERENCES `tallerapp`.`malla` (`idMalla`)
    ON DELETE NO ACTION
    ON UPDATE NO ACTION,
  CONSTRAINT `fk_asignatura_semestre1`
    FOREIGN KEY (`semestre_semestre`)
    REFERENCES `tallerapp`.`semestre` (`semestre`)
    ON DELETE NO ACTION
    ON UPDATE NO ACTION)
ENGINE = InnoDB
DEFAULT CHARACTER SET = utf8;

INSERT INTO `asignatura` (`id`, `nombre`, `numero`, `descrip`, `semestre_semestre`, `malla_idMalla`, `profesor`, `foto`, `academico_idacademico`) VALUES
(0, 'ALGEBRA ELEMENTAL', 100, 'ola ke ase', 1, 'INC', 'profesor algebra', '/tallerapp/images/asignaturas/alegebra_elemental.jpg', NULL),
(1, 'CALCULO DIFERENCIAL', 101, 'Proin gravida nibh vel velit auctor aliquet. Aenean sollicitudin, lorem quis bibendum auctor, nisi elit consequat ipsum, nec sagittis sem nibh id elit. Duis sed odio sit amet nibh vulputate cursus a sit amet mauris. Morbi accumsan ipsum velit. Nam nec tellus a odio tincidunt auctor a ornare odio. Sed non mauris vitae erat consequat auctor eu in elit. Class aptent taciti sociosqu ad litora torquent per conubia nostra, per inceptos himenaeos. Mauris in erat justo. Nullam ac urna eu felis dapibus condimentum sit amet a augue. Sed non neque elit. Sed ut imperdiet nisi. Proin condimentum fermentum nunc. Etiam pharetra, erat sed fermentum feugiat, velit mauris egestas quam, ut aliquam massa nisl quis neque. Suspendisse in orci enim.', 1, 'INC', 'Prof Calculo Diferencial', '/tallerapp/images/asignaturas/calculo_dif.jpg', NULL),
(2, 'FUNDAMENTOS DE PROGRAMACION', 102, 'Proin gravida nibh vel velit auctor aliquet. Aenean sollicitudin, lorem quis bibendum auctor, nisi elit consequat ipsum, nec sagittis sem nibh id elit. Duis sed odio sit amet nibh vulputate cursus a sit amet mauris. Morbi accumsan ipsum velit. Nam nec tellus a odio tincidunt auctor a ornare odio. Sed non mauris vitae erat consequat auctor eu in elit. Class aptent taciti sociosqu ad litora torquent per conubia nostra, per inceptos himenaeos. Mauris in erat justo. Nullam ac urna eu felis dapibus condimentum sit amet a augue. Sed non neque elit. Sed ut imperdiet nisi. Proin condimentum fermentum nunc. Etiam pharetra, erat sed fermentum feugiat, velit mauris egestas quam, ut aliquam massa nisl quis neque. Suspendisse in orci enim.', 1, 'INC', 'Roberto Muñoz, Eliana Providel', '/tallerapp/images/asignaturas/fundamentos.gif', 3),
(3, 'HISTORIA GENERAL DE LAS CIENCIAS Y LAS TECNOLOGIAS ', 103, 'Proin gravida nibh vel velit auctor aliquet. Aenean sollicitudin, lorem quis bibendum auctor, nisi elit consequat ipsum, nec sagittis sem nibh id elit. Duis sed odio sit amet nibh vulputate cursus a sit amet mauris. Morbi accumsan ipsum velit. Nam nec tellus a odio tincidunt auctor a ornare odio. Sed non mauris vitae erat consequat auctor eu in elit. Class aptent taciti sociosqu ad litora torquent per conubia nostra, per inceptos himenaeos. Mauris in erat justo. Nullam ac urna eu felis dapibus condimentum sit amet a augue. Sed non neque elit. Sed ut imperdiet nisi. Proin condimentum fermentum nunc. Etiam pharetra, erat sed fermentum feugiat, velit mauris egestas quam, ut aliquam massa nisl quis neque. Suspendisse in orci enim.', 1, 'INC', 'Profesor Historia', '/tallerapp/images/asignaturas/no-foto.png', NULL),
(4, 'FORMACION VALORICA PERSONAL', 104, 'Proin gravida nibh vel velit auctor aliquet. Aenean sollicitudin, lorem quis bibendum auctor, nisi elit consequat ipsum, nec sagittis sem nibh id elit. Duis sed odio sit amet nibh vulputate cursus a sit amet mauris. Morbi accumsan ipsum velit. Nam nec tellus a odio tincidunt auctor a ornare odio. Sed non mauris vitae erat consequat auctor eu in elit. Class aptent taciti sociosqu ad litora torquent per conubia nostra, per inceptos himenaeos. Mauris in erat justo. Nullam ac urna eu felis dapibus condimentum sit amet a augue. Sed non neque elit. Sed ut imperdiet nisi. Proin condimentum fermentum nunc. Etiam pharetra, erat sed fermentum feugiat, velit mauris egestas quam, ut aliquam massa nisl quis neque. Suspendisse in orci enim.', 1, 'INC', 'Profesor Formacion', '/tallerapp/images/asignaturas/no-foto.png', NULL),
(5, 'FISICA', 110, 'Proin gravida nibh vel velit auctor aliquet. Aenean sollicitudin, lorem quis bibendum auctor, nisi elit consequat ipsum, nec sagittis sem nibh id elit. Duis sed odio sit amet nibh vulputate cursus a sit amet mauris. Morbi accumsan ipsum velit. Nam nec tellus a odio tincidunt auctor a ornare odio. Sed non mauris vitae erat consequat auctor eu in elit. Class aptent taciti sociosqu ad litora torquent per conubia nostra, per inceptos himenaeos. Mauris in erat justo. Nullam ac urna eu felis dapibus condimentum sit amet a augue. Sed non neque elit. Sed ut imperdiet nisi. Proin condimentum fermentum nunc. Etiam pharetra, erat sed fermentum feugiat, velit mauris egestas quam, ut aliquam massa nisl quis neque. Suspendisse in orci enim.', 2, 'INC', 'Profesor Fisica', '/tallerapp/images/asignaturas/fisica_1.gif', NULL),
(6, 'CALCULO\r\nINTEGRAL', 111, 'Proin gravida nibh vel velit auctor aliquet. Aenean sollicitudin, lorem quis bibendum auctor, nisi elit consequat ipsum, nec sagittis sem nibh id elit. Duis sed odio sit amet nibh vulputate cursus a sit amet mauris. Morbi accumsan ipsum velit. Nam nec tellus a odio tincidunt auctor a ornare odio. Sed non mauris vitae erat consequat auctor eu in elit. Class aptent taciti sociosqu ad litora torquent per conubia nostra, per inceptos himenaeos. Mauris in erat justo. Nullam ac urna eu felis dapibus condimentum sit amet a augue. Sed non neque elit. Sed ut imperdiet nisi. Proin condimentum fermentum nunc. Etiam pharetra, erat sed fermentum feugiat, velit mauris egestas quam, ut aliquam massa nisl quis neque. Suspendisse in orci enim.', 2, 'INC', 'Profesor Integral', '/tallerapp/images/asignaturas/calculo_int.png', NULL),
(7, 'PROGRAMACION I', 112, 'Proin gravida nibh vel velit auctor aliquet. Aenean sollicitudin, lorem quis bibendum auctor, nisi elit consequat ipsum, nec sagittis sem nibh id elit. Duis sed odio sit amet nibh vulputate cursus a sit amet mauris. Morbi accumsan ipsum velit. Nam nec tellus a odio tincidunt auctor a ornare odio. Sed non mauris vitae erat consequat auctor eu in elit. Class aptent taciti sociosqu ad litora torquent per conubia nostra, per inceptos himenaeos. Mauris in erat justo. Nullam ac urna eu felis dapibus condimentum sit amet a augue. Sed non neque elit. Sed ut imperdiet nisi. Proin condimentum fermentum nunc. Etiam pharetra, erat sed fermentum feugiat, velit mauris egestas quam, ut aliquam massa nisl quis neque. Suspendisse in orci enim.', 2, 'INC', 'Roberto Muñoz, Eliana Providel', '/tallerapp/images/asignaturas/progra1.jpg', 3),
(8, 'INTRODUCCION AL HARDWARE', 113, 'El alumno que apruebe la asignatura tendrá los conocimientos y habilidades necesarias para el análisis y diseño de circuitos eléctricos y electrónicos básicos construidos con componentes análogos y digitales, orientados a los sistemas computacionales.', 2, 'INC', 'Gabriel Astudillo', '/tallerapp/images/asignaturas/intro.jpg', 4),
(9, 'FILOSOFIA DE LAS CIENCIAS', 114, 'Proin gravida nibh vel velit auctor aliquet. Aenean sollicitudin, lorem quis bibendum auctor, nisi elit consequat ipsum, nec sagittis sem nibh id elit. Duis sed odio sit amet nibh vulputate cursus a sit amet mauris. Morbi accumsan ipsum velit. Nam nec tellus a odio tincidunt auctor a ornare odio. Sed non mauris vitae erat consequat auctor eu in elit. Class aptent taciti sociosqu ad litora torquent per conubia nostra, per inceptos himenaeos. Mauris in erat justo. Nullam ac urna eu felis dapibus condimentum sit amet a augue. Sed non neque elit. Sed ut imperdiet nisi. Proin condimentum fermentum nunc. Etiam pharetra, erat sed fermentum feugiat, velit mauris egestas quam, ut aliquam massa nisl quis neque. Suspendisse in orci enim.', 2, 'INC', 'Profesor Filosofia', '/tallerapp/images/asignaturas/no-foto.png', NULL),
(10, 'FISICA EXPERIMENTAL', 200, 'Proin gravida nibh vel velit auctor aliquet. Aenean sollicitudin, lorem quis bibendum auctor, nisi elit consequat ipsum, nec sagittis sem nibh id elit. Duis sed odio sit amet nibh vulputate cursus a sit amet mauris. Morbi accumsan ipsum velit. Nam nec tellus a odio tincidunt auctor a ornare odio. Sed non mauris vitae erat consequat auctor eu in elit. Class aptent taciti sociosqu ad litora torquent per conubia nostra, per inceptos himenaeos. Mauris in erat justo. Nullam ac urna eu felis dapibus condimentum sit amet a augue. Sed non neque elit. Sed ut imperdiet nisi. Proin condimentum fermentum nunc. Etiam pharetra, erat sed fermentum feugiat, velit mauris egestas quam, ut aliquam massa nisl quis neque. Suspendisse in orci enim.', 3, 'INC', 'Profesor Fis Exp', '/tallerapp/images/asignaturas/no-foto.png', NULL),
(11, 'CALCULO MULTIVARIABLE', 201, 'Proin gravida nibh vel velit auctor aliquet. Aenean sollicitudin, lorem quis bibendum auctor, nisi elit consequat ipsum, nec sagittis sem nibh id elit. Duis sed odio sit amet nibh vulputate cursus a sit amet mauris. Morbi accumsan ipsum velit. Nam nec tellus a odio tincidunt auctor a ornare odio. Sed non mauris vitae erat consequat auctor eu in elit. Class aptent taciti sociosqu ad litora torquent per conubia nostra, per inceptos himenaeos. Mauris in erat justo. Nullam ac urna eu felis dapibus condimentum sit amet a augue. Sed non neque elit. Sed ut imperdiet nisi. Proin condimentum fermentum nunc. Etiam pharetra, erat sed fermentum feugiat, velit mauris egestas quam, ut aliquam massa nisl quis neque. Suspendisse in orci enim.', 3, 'INC', 'Profesor multi', '/tallerapp/images/asignaturas/multivariable.png', NULL),
(12, 'PROGRAMACION II ', 202, 'Proin gravida nibh vel velit auctor aliquet. Aenean sollicitudin, lorem quis bibendum auctor, nisi elit consequat ipsum, nec sagittis sem nibh id elit. Duis sed odio sit amet nibh vulputate cursus a sit amet mauris. Morbi accumsan ipsum velit. Nam nec tellus a odio tincidunt auctor a ornare odio. Sed non mauris vitae erat consequat auctor eu in elit. Class aptent taciti sociosqu ad litora torquent per conubia nostra, per inceptos himenaeos. Mauris in erat justo. Nullam ac urna eu felis dapibus condimentum sit amet a augue. Sed non neque elit. Sed ut imperdiet nisi. Proin condimentum fermentum nunc. Etiam pharetra, erat sed fermentum feugiat, velit mauris egestas quam, ut aliquam massa nisl quis neque. Suspendisse in orci enim.', 3, 'INC', 'Roberto Muñoz, Eliana Providel', '/tallerapp/images/asignaturas/progra2.gif', 3),
(13, 'SISTEMAS DIGITALES', 203, 'Proin gravida nibh vel velit auctor aliquet. Aenean sollicitudin, lorem quis bibendum auctor, nisi elit consequat ipsum, nec sagittis sem nibh id elit. Duis sed odio sit amet nibh vulputate cursus a sit amet mauris. Morbi accumsan ipsum velit. Nam nec tellus a odio tincidunt auctor a ornare odio. Sed non mauris vitae erat consequat auctor eu in elit. Class aptent taciti sociosqu ad litora torquent per conubia nostra, per inceptos himenaeos. Mauris in erat justo. Nullam ac urna eu felis dapibus condimentum sit amet a augue. Sed non neque elit. Sed ut imperdiet nisi. Proin condimentum fermentum nunc. Etiam pharetra, erat sed fermentum feugiat, velit mauris egestas quam, ut aliquam massa nisl quis neque. Suspendisse in orci enim.', 3, 'INC', 'Gabriel Astudillo', '/tallerapp/images/asignaturas/sis_digitales.png', 4),
(14, 'ESTRUCTURAS DISCRETAS', 204, 'Proin gravida nibh vel velit auctor aliquet. Aenean sollicitudin, lorem quis bibendum auctor, nisi elit consequat ipsum, nec sagittis sem nibh id elit. Duis sed odio sit amet nibh vulputate cursus a sit amet mauris. Morbi accumsan ipsum velit. Nam nec tellus a odio tincidunt auctor a ornare odio. Sed non mauris vitae erat consequat auctor eu in elit. Class aptent taciti sociosqu ad litora torquent per conubia nostra, per inceptos himenaeos. Mauris in erat justo. Nullam ac urna eu felis dapibus condimentum sit amet a augue. Sed non neque elit. Sed ut imperdiet nisi. Proin condimentum fermentum nunc. Etiam pharetra, erat sed fermentum feugiat, velit mauris egestas quam, ut aliquam massa nisl quis neque. Suspendisse in orci enim.', 3, 'INC', 'Pablo Perez', '/tallerapp/images/asignaturas/discretas.png', 7),
(15, 'ASIGNATURA DE FORMACION GENERAL I ', 205, 'Proin gravida nibh vel velit auctor aliquet. Aenean sollicitudin, lorem quis bibendum auctor, nisi elit consequat ipsum, nec sagittis sem nibh id elit. Duis sed odio sit amet nibh vulputate cursus a sit amet mauris. Morbi accumsan ipsum velit. Nam nec tellus a odio tincidunt auctor a ornare odio. Sed non mauris vitae erat consequat auctor eu in elit. Class aptent taciti sociosqu ad litora torquent per conubia nostra, per inceptos himenaeos. Mauris in erat justo. Nullam ac urna eu felis dapibus condimentum sit amet a augue. Sed non neque elit. Sed ut imperdiet nisi. Proin condimentum fermentum nunc. Etiam pharetra, erat sed fermentum feugiat, velit mauris egestas quam, ut aliquam massa nisl quis neque. Suspendisse in orci enim.', 3, 'INC', 'Profesor AFG', '/tallerapp/images/asignaturas/afg.jpg', NULL),
(16, 'ALGEBRA LINEAL', 210, 'Proin gravida nibh vel velit auctor aliquet. Aenean sollicitudin, lorem quis bibendum auctor, nisi elit consequat ipsum, nec sagittis sem nibh id elit. Duis sed odio sit amet nibh vulputate cursus a sit amet mauris. Morbi accumsan ipsum velit. Nam nec tellus a odio tincidunt auctor a ornare odio. Sed non mauris vitae erat consequat auctor eu in elit. Class aptent taciti sociosqu ad litora torquent per conubia nostra, per inceptos himenaeos. Mauris in erat justo. Nullam ac urna eu felis dapibus condimentum sit amet a augue. Sed non neque elit. Sed ut imperdiet nisi. Proin condimentum fermentum nunc. Etiam pharetra, erat sed fermentum feugiat, velit mauris egestas quam, ut aliquam massa nisl quis neque. Suspendisse in orci enim.', 4, 'INC', 'Profesor Algebra Lineal', '/tallerapp/images/asignaturas/lineal.gif', NULL),
(17, 'ESTRUCTURAS DE DATOS ', 211, 'Proin gravida nibh vel velit auctor aliquet. Aenean sollicitudin, lorem quis bibendum auctor, nisi elit consequat ipsum, nec sagittis sem nibh id elit. Duis sed odio sit amet nibh vulputate cursus a sit amet mauris. Morbi accumsan ipsum velit. Nam nec tellus a odio tincidunt auctor a ornare odio. Sed non mauris vitae erat consequat auctor eu in elit. Class aptent taciti sociosqu ad litora torquent per conubia nostra, per inceptos himenaeos. Mauris in erat justo. Nullam ac urna eu felis dapibus condimentum sit amet a augue. Sed non neque elit. Sed ut imperdiet nisi. Proin condimentum fermentum nunc. Etiam pharetra, erat sed fermentum feugiat, velit mauris egestas quam, ut aliquam massa nisl quis neque. Suspendisse in orci enim.', 4, 'INC', 'Pablo Perez', '/tallerapp/images/asignaturas/estructuradatos.png', 7),
(18, 'ARQUITECTURA DE COMPUTADORES ', 212, 'Proin gravida nibh vel velit auctor aliquet. Aenean sollicitudin, lorem quis bibendum auctor, nisi elit consequat ipsum, nec sagittis sem nibh id elit. Duis sed odio sit amet nibh vulputate cursus a sit amet mauris. Morbi accumsan ipsum velit. Nam nec tellus a odio tincidunt auctor a ornare odio. Sed non mauris vitae erat consequat auctor eu in elit. Class aptent taciti sociosqu ad litora torquent per conubia nostra, per inceptos himenaeos. Mauris in erat justo. Nullam ac urna eu felis dapibus condimentum sit amet a augue. Sed non neque elit. Sed ut imperdiet nisi. Proin condimentum fermentum nunc. Etiam pharetra, erat sed fermentum feugiat, velit mauris egestas quam, ut aliquam massa nisl quis neque. Suspendisse in orci enim.', 4, 'INC', 'Gabriel Astudillo', '/tallerapp/images/asignaturas/arquitecturapc.png', 4),
(19, 'TEORIA DE SISTEMAS', 213, 'Proin gravida nibh vel velit auctor aliquet. Aenean sollicitudin, lorem quis bibendum auctor, nisi elit consequat ipsum, nec sagittis sem nibh id elit. Duis sed odio sit amet nibh vulputate cursus a sit amet mauris. Morbi accumsan ipsum velit. Nam nec tellus a odio tincidunt auctor a ornare odio. Sed non mauris vitae erat consequat auctor eu in elit. Class aptent taciti sociosqu ad litora torquent per conubia nostra, per inceptos himenaeos. Mauris in erat justo. Nullam ac urna eu felis dapibus condimentum sit amet a augue. Sed non neque elit. Sed ut imperdiet nisi. Proin condimentum fermentum nunc. Etiam pharetra, erat sed fermentum feugiat, velit mauris egestas quam, ut aliquam massa nisl quis neque. Suspendisse in orci enim.', 4, 'INC', 'Profesor Conta', '/tallerapp/images/asignaturas/teo_sistemas.png', NULL),
(20, 'CONTABILIDAD', 214, 'Proin gravida nibh vel velit auctor aliquet. Aenean sollicitudin, lorem quis bibendum auctor, nisi elit consequat ipsum, nec sagittis sem nibh id elit. Duis sed odio sit amet nibh vulputate cursus a sit amet mauris. Morbi accumsan ipsum velit. Nam nec tellus a odio tincidunt auctor a ornare odio. Sed non mauris vitae erat consequat auctor eu in elit. Class aptent taciti sociosqu ad litora torquent per conubia nostra, per inceptos himenaeos. Mauris in erat justo. Nullam ac urna eu felis dapibus condimentum sit amet a augue. Sed non neque elit. Sed ut imperdiet nisi. Proin condimentum fermentum nunc. Etiam pharetra, erat sed fermentum feugiat, velit mauris egestas quam, ut aliquam massa nisl quis neque. Suspendisse in orci enim.', 4, 'INC', 'Profesor Conta', '/tallerapp/images/asignaturas/contabilidad.jpg', NULL),
(21, 'ASIGNATURA DE FORMACION GENERAL II ', 215, 'Proin gravida nibh vel velit auctor aliquet. Aenean sollicitudin, lorem quis bibendum auctor, nisi elit consequat ipsum, nec sagittis sem nibh id elit. Duis sed odio sit amet nibh vulputate cursus a sit amet mauris. Morbi accumsan ipsum velit. Nam nec tellus a odio tincidunt auctor a ornare odio. Sed non mauris vitae erat consequat auctor eu in elit. Class aptent taciti sociosqu ad litora torquent per conubia nostra, per inceptos himenaeos. Mauris in erat justo. Nullam ac urna eu felis dapibus condimentum sit amet a augue. Sed non neque elit. Sed ut imperdiet nisi. Proin condimentum fermentum nunc. Etiam pharetra, erat sed fermentum feugiat, velit mauris egestas quam, ut aliquam massa nisl quis neque. Suspendisse in orci enim.', 4, 'INC', 'Profesor AFG', '/tallerapp/images/asignaturas/afg.jpg', NULL),
(22, 'ECUACIONES DIFERENCIALES', 300, 'Proin gravida nibh vel velit auctor aliquet. Aenean sollicitudin, lorem quis bibendum auctor, nisi elit consequat ipsum, nec sagittis sem nibh id elit. Duis sed odio sit amet nibh vulputate cursus a sit amet mauris. Morbi accumsan ipsum velit. Nam nec tellus a odio tincidunt auctor a ornare odio. Sed non mauris vitae erat consequat auctor eu in elit. Class aptent taciti sociosqu ad litora torquent per conubia nostra, per inceptos himenaeos. Mauris in erat justo. Nullam ac urna eu felis dapibus condimentum sit amet a augue. Sed non neque elit. Sed ut imperdiet nisi. Proin condimentum fermentum nunc. Etiam pharetra, erat sed fermentum feugiat, velit mauris egestas quam, ut aliquam massa nisl quis neque. Suspendisse in orci enim.', 5, 'INC', 'Profesor Ecuaciones', '/tallerapp/images/asignaturas/no-foto.png', NULL),
(23, 'ELECTRO-\r\nMAGNETISMO', 301, 'Proin gravida nibh vel velit auctor aliquet. Aenean sollicitudin, lorem quis bibendum auctor, nisi elit consequat ipsum, nec sagittis sem nibh id elit. Duis sed odio sit amet nibh vulputate cursus a sit amet mauris. Morbi accumsan ipsum velit. Nam nec tellus a odio tincidunt auctor a ornare odio. Sed non mauris vitae erat consequat auctor eu in elit. Class aptent taciti sociosqu ad litora torquent per conubia nostra, per inceptos himenaeos. Mauris in erat justo. Nullam ac urna eu felis dapibus condimentum sit amet a augue. Sed non neque elit. Sed ut imperdiet nisi. Proin condimentum fermentum nunc. Etiam pharetra, erat sed fermentum feugiat, velit mauris egestas quam, ut aliquam massa nisl quis neque. Suspendisse in orci enim.', 5, 'INC', 'Profesor Electro', '/tallerapp/images/asignaturas/electro.jpg', NULL),
(24, 'ANALISIS Y DISENO DE ALGORITMOS ', 302, 'Proin gravida nibh vel velit auctor aliquet. Aenean sollicitudin, lorem quis bibendum auctor, nisi elit consequat ipsum, nec sagittis sem nibh id elit. Duis sed odio sit amet nibh vulputate cursus a sit amet mauris. Morbi accumsan ipsum velit. Nam nec tellus a odio tincidunt auctor a ornare odio. Sed non mauris vitae erat consequat auctor eu in elit. Class aptent taciti sociosqu ad litora torquent per conubia nostra, per inceptos himenaeos. Mauris in erat justo. Nullam ac urna eu felis dapibus condimentum sit amet a augue. Sed non neque elit. Sed ut imperdiet nisi. Proin condimentum fermentum nunc. Etiam pharetra, erat sed fermentum feugiat, velit mauris egestas quam, ut aliquam massa nisl quis neque. Suspendisse in orci enim.', 5, 'INC', 'Pablo Perez', '/tallerapp/images/asignaturas/ada.jpg', 7),
(25, 'TEORIA DE SISTEMAS OPERATIVOS ', 303, 'Proin gravida nibh vel velit auctor aliquet. Aenean sollicitudin, lorem quis bibendum auctor, nisi elit consequat ipsum, nec sagittis sem nibh id elit. Duis sed odio sit amet nibh vulputate cursus a sit amet mauris. Morbi accumsan ipsum velit. Nam nec tellus a odio tincidunt auctor a ornare odio. Sed non mauris vitae erat consequat auctor eu in elit. Class aptent taciti sociosqu ad litora torquent per conubia nostra, per inceptos himenaeos. Mauris in erat justo. Nullam ac urna eu felis dapibus condimentum sit amet a augue. Sed non neque elit. Sed ut imperdiet nisi. Proin condimentum fermentum nunc. Etiam pharetra, erat sed fermentum feugiat, velit mauris egestas quam, ut aliquam massa nisl quis neque. Suspendisse in orci enim.', 5, 'INC', 'Gabriel Astudillo', '/tallerapp/images/asignaturas/teosisop.jpg', 4),
(26, 'FUNDAMENTOS DE INGENIERIA DE SOFTWARE', 304, 'Proin gravida nibh vel velit auctor aliquet. Aenean sollicitudin, lorem quis bibendum auctor, nisi elit consequat ipsum, nec sagittis sem nibh id elit. Duis sed odio sit amet nibh vulputate cursus a sit amet mauris. Morbi accumsan ipsum velit. Nam nec tellus a odio tincidunt auctor a ornare odio. Sed non mauris vitae erat consequat auctor eu in elit. Class aptent taciti sociosqu ad litora torquent per conubia nostra, per inceptos himenaeos. Mauris in erat justo. Nullam ac urna eu felis dapibus condimentum sit amet a augue. Sed non neque elit. Sed ut imperdiet nisi. Proin condimentum fermentum nunc. Etiam pharetra, erat sed fermentum feugiat, velit mauris egestas quam, ut aliquam massa nisl quis neque. Suspendisse in orci enim.', 5, 'INC', 'Rene Noel', '/tallerapp/images/asignaturas/fis.png', 8),
(27, 'INGLES I ', 305, 'Proin gravida nibh vel velit auctor aliquet. Aenean sollicitudin, lorem quis bibendum auctor, nisi elit consequat ipsum, nec sagittis sem nibh id elit. Duis sed odio sit amet nibh vulputate cursus a sit amet mauris. Morbi accumsan ipsum velit. Nam nec tellus a odio tincidunt auctor a ornare odio. Sed non mauris vitae erat consequat auctor eu in elit. Class aptent taciti sociosqu ad litora torquent per conubia nostra, per inceptos himenaeos. Mauris in erat justo. Nullam ac urna eu felis dapibus condimentum sit amet a augue. Sed non neque elit. Sed ut imperdiet nisi. Proin condimentum fermentum nunc. Etiam pharetra, erat sed fermentum feugiat, velit mauris egestas quam, ut aliquam massa nisl quis neque. Suspendisse in orci enim.', 5, 'INC', 'Profesor Ingles', '/tallerapp/images/asignaturas/no-foto.png', NULL),
(28, 'PROBABILIDAD Y ESTADISTICA ', 310, 'Proin gravida nibh vel velit auctor aliquet. Aenean sollicitudin, lorem quis bibendum auctor, nisi elit consequat ipsum, nec sagittis sem nibh id elit. Duis sed odio sit amet nibh vulputate cursus a sit amet mauris. Morbi accumsan ipsum velit. Nam nec tellus a odio tincidunt auctor a ornare odio. Sed non mauris vitae erat consequat auctor eu in elit. Class aptent taciti sociosqu ad litora torquent per conubia nostra, per inceptos himenaeos. Mauris in erat justo. Nullam ac urna eu felis dapibus condimentum sit amet a augue. Sed non neque elit. Sed ut imperdiet nisi. Proin condimentum fermentum nunc. Etiam pharetra, erat sed fermentum feugiat, velit mauris egestas quam, ut aliquam massa nisl quis neque. Suspendisse in orci enim.', 6, 'INC', 'Lisandro Fermin', '/tallerapp/images/asignaturas/probabilidad.jpg', NULL),
(29, 'LENGUAJES Y AUTOMATAS', 311, 'Proin gravida nibh vel velit auctor aliquet. Aenean sollicitudin, lorem quis bibendum auctor, nisi elit consequat ipsum, nec sagittis sem nibh id elit. Duis sed odio sit amet nibh vulputate cursus a sit amet mauris. Morbi accumsan ipsum velit. Nam nec tellus a odio tincidunt auctor a ornare odio. Sed non mauris vitae erat consequat auctor eu in elit. Class aptent taciti sociosqu ad litora torquent per conubia nostra, per inceptos himenaeos. Mauris in erat justo. Nullam ac urna eu felis dapibus condimentum sit amet a augue. Sed non neque elit. Sed ut imperdiet nisi. Proin condimentum fermentum nunc. Etiam pharetra, erat sed fermentum feugiat, velit mauris egestas quam, ut aliquam massa nisl quis neque. Suspendisse in orci enim.', 6, 'INC', 'Pablo Perez', '/tallerapp/images/asignaturas/automatas.png', 7),
(30, 'REDES DE COMPUTADORES', 312, 'Proin gravida nibh vel velit auctor aliquet. Aenean sollicitudin, lorem quis bibendum auctor, nisi elit consequat ipsum, nec sagittis sem nibh id elit. Duis sed odio sit amet nibh vulputate cursus a sit amet mauris. Morbi accumsan ipsum velit. Nam nec tellus a odio tincidunt auctor a ornare odio. Sed non mauris vitae erat consequat auctor eu in elit. Class aptent taciti sociosqu ad litora torquent per conubia nostra, per inceptos himenaeos. Mauris in erat justo. Nullam ac urna eu felis dapibus condimentum sit amet a augue. Sed non neque elit. Sed ut imperdiet nisi. Proin condimentum fermentum nunc. Etiam pharetra, erat sed fermentum feugiat, velit mauris egestas quam, ut aliquam massa nisl quis neque. Suspendisse in orci enim.', 6, 'INC', 'Gabriel Astudillo', '/tallerapp/images/asignaturas/redespc.jpg', 4),
(31, 'METODOLOGIAS DE ANALISIS ', 313, 'Proin gravida nibh vel velit auctor aliquet. Aenean sollicitudin, lorem quis bibendum auctor, nisi elit consequat ipsum, nec sagittis sem nibh id elit. Duis sed odio sit amet nibh vulputate cursus a sit amet mauris. Morbi accumsan ipsum velit. Nam nec tellus a odio tincidunt auctor a ornare odio. Sed non mauris vitae erat consequat auctor eu in elit. Class aptent taciti sociosqu ad litora torquent per conubia nostra, per inceptos himenaeos. Mauris in erat justo. Nullam ac urna eu felis dapibus condimentum sit amet a augue. Sed non neque elit. Sed ut imperdiet nisi. Proin condimentum fermentum nunc. Etiam pharetra, erat sed fermentum feugiat, velit mauris egestas quam, ut aliquam massa nisl quis neque. Suspendisse in orci enim.', 6, 'INC', 'Rene Noel', '/tallerapp/images/asignaturas/no-foto.png', 8),
(32, 'ADMINISTRACION EN INFORMATICA', 314, 'Proin gravida nibh vel velit auctor aliquet. Aenean sollicitudin, lorem quis bibendum auctor, nisi elit consequat ipsum, nec sagittis sem nibh id elit. Duis sed odio sit amet nibh vulputate cursus a sit amet mauris. Morbi accumsan ipsum velit. Nam nec tellus a odio tincidunt auctor a ornare odio. Sed non mauris vitae erat consequat auctor eu in elit. Class aptent taciti sociosqu ad litora torquent per conubia nostra, per inceptos himenaeos. Mauris in erat justo. Nullam ac urna eu felis dapibus condimentum sit amet a augue. Sed non neque elit. Sed ut imperdiet nisi. Proin condimentum fermentum nunc. Etiam pharetra, erat sed fermentum feugiat, velit mauris egestas quam, ut aliquam massa nisl quis neque. Suspendisse in orci enim.', 6, 'INC', 'Andres bernal', '/tallerapp/images/asignaturas/adm_informatica.jpg', NULL),
(33, 'INGLES II ', 315, 'Proin gravida nibh vel velit auctor aliquet. Aenean sollicitudin, lorem quis bibendum auctor, nisi elit consequat ipsum, nec sagittis sem nibh id elit. Duis sed odio sit amet nibh vulputate cursus a sit amet mauris. Morbi accumsan ipsum velit. Nam nec tellus a odio tincidunt auctor a ornare odio. Sed non mauris vitae erat consequat auctor eu in elit. Class aptent taciti sociosqu ad litora torquent per conubia nostra, per inceptos himenaeos. Mauris in erat justo. Nullam ac urna eu felis dapibus condimentum sit amet a augue. Sed non neque elit. Sed ut imperdiet nisi. Proin condimentum fermentum nunc. Etiam pharetra, erat sed fermentum feugiat, velit mauris egestas quam, ut aliquam massa nisl quis neque. Suspendisse in orci enim.', 6, 'INC', 'Profesor Ingles dos', '/tallerapp/images/asignaturas/no-foto.png', NULL),
(34, 'FISICA CONTEMPORANEA', 400, 'Proin gravida nibh vel velit auctor aliquet. Aenean sollicitudin, lorem quis bibendum auctor, nisi elit consequat ipsum, nec sagittis sem nibh id elit. Duis sed odio sit amet nibh vulputate cursus a sit amet mauris. Morbi accumsan ipsum velit. Nam nec tellus a odio tincidunt auctor a ornare odio. Sed non mauris vitae erat consequat auctor eu in elit. Class aptent taciti sociosqu ad litora torquent per conubia nostra, per inceptos himenaeos. Mauris in erat justo. Nullam ac urna eu felis dapibus condimentum sit amet a augue. Sed non neque elit. Sed ut imperdiet nisi. Proin condimentum fermentum nunc. Etiam pharetra, erat sed fermentum feugiat, velit mauris egestas quam, ut aliquam massa nisl quis neque. Suspendisse in orci enim.', 7, 'INC', 'Profesor Contemporanes', '/tallerapp/images/asignaturas/fisicacom.jpg', NULL),
(35, 'INTERFAZ HOMBRE-MAQUINA', 401, 'Proin gravida nibh vel velit auctor aliquet. Aenean sollicitudin, lorem quis bibendum auctor, nisi elit consequat ipsum, nec sagittis sem nibh id elit. Duis sed odio sit amet nibh vulputate cursus a sit amet mauris. Morbi accumsan ipsum velit. Nam nec tellus a odio tincidunt auctor a ornare odio. Sed non mauris vitae erat consequat auctor eu in elit. Class aptent taciti sociosqu ad litora torquent per conubia nostra, per inceptos himenaeos. Mauris in erat justo. Nullam ac urna eu felis dapibus condimentum sit amet a augue. Sed non neque elit. Sed ut imperdiet nisi. Proin condimentum fermentum nunc. Etiam pharetra, erat sed fermentum feugiat, velit mauris egestas quam, ut aliquam massa nisl quis neque. Suspendisse in orci enim.', 7, 'INC', 'Roberto Muñoz', '/tallerapp/images/asignaturas/interfaz.jpg', 3),
(36, 'MODELOS DE DATOS ', 402, 'Proin gravida nibh vel velit auctor aliquet. Aenean sollicitudin, lorem quis bibendum auctor, nisi elit consequat ipsum, nec sagittis sem nibh id elit. Duis sed odio sit amet nibh vulputate cursus a sit amet mauris. Morbi accumsan ipsum velit. Nam nec tellus a odio tincidunt auctor a ornare odio. Sed non mauris vitae erat consequat auctor eu in elit. Class aptent taciti sociosqu ad litora torquent per conubia nostra, per inceptos himenaeos. Mauris in erat justo. Nullam ac urna eu felis dapibus condimentum sit amet a augue. Sed non neque elit. Sed ut imperdiet nisi. Proin condimentum fermentum nunc. Etiam pharetra, erat sed fermentum feugiat, velit mauris egestas quam, ut aliquam massa nisl quis neque. Suspendisse in orci enim.', 7, 'INC', 'Eliana Providel', '/tallerapp/images/asignaturas/modelodatos.jpg', 6),
(37, 'TALLER DE SISTEMAS OPERATIVOS ', 403, 'Proin gravida nibh vel velit auctor aliquet. Aenean sollicitudin, lorem quis bibendum auctor, nisi elit consequat ipsum, nec sagittis sem nibh id elit. Duis sed odio sit amet nibh vulputate cursus a sit amet mauris. Morbi accumsan ipsum velit. Nam nec tellus a odio tincidunt auctor a ornare odio. Sed non mauris vitae erat consequat auctor eu in elit. Class aptent taciti sociosqu ad litora torquent per conubia nostra, per inceptos himenaeos. Mauris in erat justo. Nullam ac urna eu felis dapibus condimentum sit amet a augue. Sed non neque elit. Sed ut imperdiet nisi. Proin condimentum fermentum nunc. Etiam pharetra, erat sed fermentum feugiat, velit mauris egestas quam, ut aliquam massa nisl quis neque. Suspendisse in orci enim.', 7, 'INC', 'Gabriel Astudillo', '/tallerapp/images/asignaturas/teosisop.jpg', 4),
(38, 'METODOLOGIAS DE DISEÑO ', 404, 'Proin gravida nibh vel velit auctor aliquet. Aenean sollicitudin, lorem quis bibendum auctor, nisi elit consequat ipsum, nec sagittis sem nibh id elit. Duis sed odio sit amet nibh vulputate cursus a sit amet mauris. Morbi accumsan ipsum velit. Nam nec tellus a odio tincidunt auctor a ornare odio. Sed non mauris vitae erat consequat auctor eu in elit. Class aptent taciti sociosqu ad litora torquent per conubia nostra, per inceptos himenaeos. Mauris in erat justo. Nullam ac urna eu felis dapibus condimentum sit amet a augue. Sed non neque elit. Sed ut imperdiet nisi. Proin condimentum fermentum nunc. Etiam pharetra, erat sed fermentum feugiat, velit mauris egestas quam, ut aliquam massa nisl quis neque. Suspendisse in orci enim.', 7, 'INC', 'Rene Noel', '/tallerapp/images/asignaturas/metododiseno.jpg', 8),
(39, 'INGLES III ', 405, 'Proin gravida nibh vel velit auctor aliquet. Aenean sollicitudin, lorem quis bibendum auctor, nisi elit consequat ipsum, nec sagittis sem nibh id elit. Duis sed odio sit amet nibh vulputate cursus a sit amet mauris. Morbi accumsan ipsum velit. Nam nec tellus a odio tincidunt auctor a ornare odio. Sed non mauris vitae erat consequat auctor eu in elit. Class aptent taciti sociosqu ad litora torquent per conubia nostra, per inceptos himenaeos. Mauris in erat justo. Nullam ac urna eu felis dapibus condimentum sit amet a augue. Sed non neque elit. Sed ut imperdiet nisi. Proin condimentum fermentum nunc. Etiam pharetra, erat sed fermentum feugiat, velit mauris egestas quam, ut aliquam massa nisl quis neque. Suspendisse in orci enim.', 7, 'INC', 'Profesor Ingles', '/tallerapp/images/asignaturas/no-foto.png', NULL),
(40, 'BIOLOGIA', 410, 'Proin gravida nibh vel velit auctor aliquet. Aenean sollicitudin, lorem quis bibendum auctor, nisi elit consequat ipsum, nec sagittis sem nibh id elit. Duis sed odio sit amet nibh vulputate cursus a sit amet mauris. Morbi accumsan ipsum velit. Nam nec tellus a odio tincidunt auctor a ornare odio. Sed non mauris vitae erat consequat auctor eu in elit. Class aptent taciti sociosqu ad litora torquent per conubia nostra, per inceptos himenaeos. Mauris in erat justo. Nullam ac urna eu felis dapibus condimentum sit amet a augue. Sed non neque elit. Sed ut imperdiet nisi. Proin condimentum fermentum nunc. Etiam pharetra, erat sed fermentum feugiat, velit mauris egestas quam, ut aliquam massa nisl quis neque. Suspendisse in orci enim.', 8, 'INC', 'Profesor Biologia', '/tallerapp/images/asignaturas/biologia.jpg', NULL),
(41, 'DESARROLLO WEB', 411, 'Proin gravida nibh vel velit auctor aliquet. Aenean sollicitudin, lorem quis bibendum auctor, nisi elit consequat ipsum, nec sagittis sem nibh id elit. Duis sed odio sit amet nibh vulputate cursus a sit amet mauris. Morbi accumsan ipsum velit. Nam nec tellus a odio tincidunt auctor a ornare odio. Sed non mauris vitae erat consequat auctor eu in elit. Class aptent taciti sociosqu ad litora torquent per conubia nostra, per inceptos himenaeos. Mauris in erat justo. Nullam ac urna eu felis dapibus condimentum sit amet a augue. Sed non neque elit. Sed ut imperdiet nisi. Proin condimentum fermentum nunc. Etiam pharetra, erat sed fermentum feugiat, velit mauris egestas quam, ut aliquam massa nisl quis neque. Suspendisse in orci enim.', 8, 'INC', 'Rene Noel', '/tallerapp/images/asignaturas/desarrolloweb.png', 8),
(42, 'SISTEMAS DE BASES DE DATOS ', 412, 'Proin gravida nibh vel velit auctor aliquet. Aenean sollicitudin, lorem quis bibendum auctor, nisi elit consequat ipsum, nec sagittis sem nibh id elit. Duis sed odio sit amet nibh vulputate cursus a sit amet mauris. Morbi accumsan ipsum velit. Nam nec tellus a odio tincidunt auctor a ornare odio. Sed non mauris vitae erat consequat auctor eu in elit. Class aptent taciti sociosqu ad litora torquent per conubia nostra, per inceptos himenaeos. Mauris in erat justo. Nullam ac urna eu felis dapibus condimentum sit amet a augue. Sed non neque elit. Sed ut imperdiet nisi. Proin condimentum fermentum nunc. Etiam pharetra, erat sed fermentum feugiat, velit mauris egestas quam, ut aliquam massa nisl quis neque. Suspendisse in orci enim.', 8, 'INC', 'Eliana Providel', '/tallerapp/images/asignaturas/sisdatos.jpg', 6),
(43, 'ARQUITECTURA DE SOFTWARE', 413, 'Proin gravida nibh vel velit auctor aliquet. Aenean sollicitudin, lorem quis bibendum auctor, nisi elit consequat ipsum, nec sagittis sem nibh id elit. Duis sed odio sit amet nibh vulputate cursus a sit amet mauris. Morbi accumsan ipsum velit. Nam nec tellus a odio tincidunt auctor a ornare odio. Sed non mauris vitae erat consequat auctor eu in elit. Class aptent taciti sociosqu ad litora torquent per conubia nostra, per inceptos himenaeos. Mauris in erat justo. Nullam ac urna eu felis dapibus condimentum sit amet a augue. Sed non neque elit. Sed ut imperdiet nisi. Proin condimentum fermentum nunc. Etiam pharetra, erat sed fermentum feugiat, velit mauris egestas quam, ut aliquam massa nisl quis neque. Suspendisse in orci enim.', 8, 'INC', 'Carlos Becerra', '/tallerapp/images/asignaturas/arqsoftware.png', 5),
(44, 'EVALUACION DE PROYECTOS ', 414, 'Proin gravida nibh vel velit auctor aliquet. Aenean sollicitudin, lorem quis bibendum auctor, nisi elit consequat ipsum, nec sagittis sem nibh id elit. Duis sed odio sit amet nibh vulputate cursus a sit amet mauris. Morbi accumsan ipsum velit. Nam nec tellus a odio tincidunt auctor a ornare odio. Sed non mauris vitae erat consequat auctor eu in elit. Class aptent taciti sociosqu ad litora torquent per conubia nostra, per inceptos himenaeos. Mauris in erat justo. Nullam ac urna eu felis dapibus condimentum sit amet a augue. Sed non neque elit. Sed ut imperdiet nisi. Proin condimentum fermentum nunc. Etiam pharetra, erat sed fermentum feugiat, velit mauris egestas quam, ut aliquam massa nisl quis neque. Suspendisse in orci enim.', 8, 'INC', 'Profesor Ev Proy', '/tallerapp/images/asignaturas/evproyecto.jpg', NULL),
(45, 'LENGUAJES DE PROGRAMACION', 415, 'Proin gravida nibh vel velit auctor aliquet. Aenean sollicitudin, lorem quis bibendum auctor, nisi elit consequat ipsum, nec sagittis sem nibh id elit. Duis sed odio sit amet nibh vulputate cursus a sit amet mauris. Morbi accumsan ipsum velit. Nam nec tellus a odio tincidunt auctor a ornare odio. Sed non mauris vitae erat consequat auctor eu in elit. Class aptent taciti sociosqu ad litora torquent per conubia nostra, per inceptos himenaeos. Mauris in erat justo. Nullam ac urna eu felis dapibus condimentum sit amet a augue. Sed non neque elit. Sed ut imperdiet nisi. Proin condimentum fermentum nunc. Etiam pharetra, erat sed fermentum feugiat, velit mauris egestas quam, ut aliquam massa nisl quis neque. Suspendisse in orci enim.', 8, 'INC', 'Porfesor Leng Progra', '/tallerapp/images/asignaturas/no-foto.png', NULL),
(46, 'PRUEBAS DE SOFTWARE', 500, 'Proin gravida nibh vel velit auctor aliquet. Aenean sollicitudin, lorem quis bibendum auctor, nisi elit consequat ipsum, nec sagittis sem nibh id elit. Duis sed odio sit amet nibh vulputate cursus a sit amet mauris. Morbi accumsan ipsum velit. Nam nec tellus a odio tincidunt auctor a ornare odio. Sed non mauris vitae erat consequat auctor eu in elit. Class aptent taciti sociosqu ad litora torquent per conubia nostra, per inceptos himenaeos. Mauris in erat justo. Nullam ac urna eu felis dapibus condimentum sit amet a augue. Sed non neque elit. Sed ut imperdiet nisi. Proin condimentum fermentum nunc. Etiam pharetra, erat sed fermentum feugiat, velit mauris egestas quam, ut aliquam massa nisl quis neque. Suspendisse in orci enim.', 9, 'INC', 'Rene Noel', '/tallerapp/images/asignaturas/pruebassw.jpg', 8),
(47, 'SEMINARIO DE ESPECIALIDAD I ', 501, 'Proin gravida nibh vel velit auctor aliquet. Aenean sollicitudin, lorem quis bibendum auctor, nisi elit consequat ipsum, nec sagittis sem nibh id elit. Duis sed odio sit amet nibh vulputate cursus a sit amet mauris. Morbi accumsan ipsum velit. Nam nec tellus a odio tincidunt auctor a ornare odio. Sed non mauris vitae erat consequat auctor eu in elit. Class aptent taciti sociosqu ad litora torquent per conubia nostra, per inceptos himenaeos. Mauris in erat justo. Nullam ac urna eu felis dapibus condimentum sit amet a augue. Sed non neque elit. Sed ut imperdiet nisi. Proin condimentum fermentum nunc. Etiam pharetra, erat sed fermentum feugiat, velit mauris egestas quam, ut aliquam massa nisl quis neque. Suspendisse in orci enim.', 9, 'INC', 'Profesores DECOM', '/tallerapp/images/asignaturas/no-foto.png', NULL),
(48, 'ASIGNATURA ELECTIVA DE ESPECIALIDAD I ', 502, 'Proin gravida nibh vel velit auctor aliquet. Aenean sollicitudin, lorem quis bibendum auctor, nisi elit consequat ipsum, nec sagittis sem nibh id elit. Duis sed odio sit amet nibh vulputate cursus a sit amet mauris. Morbi accumsan ipsum velit. Nam nec tellus a odio tincidunt auctor a ornare odio. Sed non mauris vitae erat consequat auctor eu in elit. Class aptent taciti sociosqu ad litora torquent per conubia nostra, per inceptos himenaeos. Mauris in erat justo. Nullam ac urna eu felis dapibus condimentum sit amet a augue. Sed non neque elit. Sed ut imperdiet nisi. Proin condimentum fermentum nunc. Etiam pharetra, erat sed fermentum feugiat, velit mauris egestas quam, ut aliquam massa nisl quis neque. Suspendisse in orci enim.', 9, 'INC', 'Profesores DECOM', '/tallerapp/images/asignaturas/no-foto.png', NULL),
(49, 'SISTEMA DE TELECOMUNICACIONES', 503, 'Proin gravida nibh vel velit auctor aliquet. Aenean sollicitudin, lorem quis bibendum auctor, nisi elit consequat ipsum, nec sagittis sem nibh id elit. Duis sed odio sit amet nibh vulputate cursus a sit amet mauris. Morbi accumsan ipsum velit. Nam nec tellus a odio tincidunt auctor a ornare odio. Sed non mauris vitae erat consequat auctor eu in elit. Class aptent taciti sociosqu ad litora torquent per conubia nostra, per inceptos himenaeos. Mauris in erat justo. Nullam ac urna eu felis dapibus condimentum sit amet a augue. Sed non neque elit. Sed ut imperdiet nisi. Proin condimentum fermentum nunc. Etiam pharetra, erat sed fermentum feugiat, velit mauris egestas quam, ut aliquam massa nisl quis neque. Suspendisse in orci enim.', 9, 'INC', 'Profesor Teleco', '/tallerapp/images/asignaturas/teleco.jpg', NULL),
(50, 'GESTION DE PROYECTOS INFORMATICOS ', 504, 'Proin gravida nibh vel velit auctor aliquet. Aenean sollicitudin, lorem quis bibendum auctor, nisi elit consequat ipsum, nec sagittis sem nibh id elit. Duis sed odio sit amet nibh vulputate cursus a sit amet mauris. Morbi accumsan ipsum velit. Nam nec tellus a odio tincidunt auctor a ornare odio. Sed non mauris vitae erat consequat auctor eu in elit. Class aptent taciti sociosqu ad litora torquent per conubia nostra, per inceptos himenaeos. Mauris in erat justo. Nullam ac urna eu felis dapibus condimentum sit amet a augue. Sed non neque elit. Sed ut imperdiet nisi. Proin condimentum fermentum nunc. Etiam pharetra, erat sed fermentum feugiat, velit mauris egestas quam, ut aliquam massa nisl quis neque. Suspendisse in orci enim.', 9, 'INC', 'Carlos Becerra', '/tallerapp/images/asignaturas/gpi.jpg', 5),
(51, 'INVESTIGACION DE OPERACIONES', 505, 'Proin gravida nibh vel velit auctor aliquet. Aenean sollicitudin, lorem quis bibendum auctor, nisi elit consequat ipsum, nec sagittis sem nibh id elit. Duis sed odio sit amet nibh vulputate cursus a sit amet mauris. Morbi accumsan ipsum velit. Nam nec tellus a odio tincidunt auctor a ornare odio. Sed non mauris vitae erat consequat auctor eu in elit. Class aptent taciti sociosqu ad litora torquent per conubia nostra, per inceptos himenaeos. Mauris in erat justo. Nullam ac urna eu felis dapibus condimentum sit amet a augue. Sed non neque elit. Sed ut imperdiet nisi. Proin condimentum fermentum nunc. Etiam pharetra, erat sed fermentum feugiat, velit mauris egestas quam, ut aliquam massa nisl quis neque. Suspendisse in orci enim.', 9, 'INC', 'Profesor Investigacion OP', '/tallerapp/images/asignaturas/investigacion.gif', NULL),
(52, 'ECONOMIA', 510, 'Proin gravida nibh vel velit auctor aliquet. Aenean sollicitudin, lorem quis bibendum auctor, nisi elit consequat ipsum, nec sagittis sem nibh id elit. Duis sed odio sit amet nibh vulputate cursus a sit amet mauris. Morbi accumsan ipsum velit. Nam nec tellus a odio tincidunt auctor a ornare odio. Sed non mauris vitae erat consequat auctor eu in elit. Class aptent taciti sociosqu ad litora torquent per conubia nostra, per inceptos himenaeos. Mauris in erat justo. Nullam ac urna eu felis dapibus condimentum sit amet a augue. Sed non neque elit. Sed ut imperdiet nisi. Proin condimentum fermentum nunc. Etiam pharetra, erat sed fermentum feugiat, velit mauris egestas quam, ut aliquam massa nisl quis neque. Suspendisse in orci enim.', 10, 'INC', 'Andres Bernal', '/tallerapp/images/asignaturas/economia.jpg', NULL),
(53, 'SEMINARIO DE ESPECIALIDAD II ', 511, 'Proin gravida nibh vel velit auctor aliquet. Aenean sollicitudin, lorem quis bibendum auctor, nisi elit consequat ipsum, nec sagittis sem nibh id elit. Duis sed odio sit amet nibh vulputate cursus a sit amet mauris. Morbi accumsan ipsum velit. Nam nec tellus a odio tincidunt auctor a ornare odio. Sed non mauris vitae erat consequat auctor eu in elit. Class aptent taciti sociosqu ad litora torquent per conubia nostra, per inceptos himenaeos. Mauris in erat justo. Nullam ac urna eu felis dapibus condimentum sit amet a augue. Sed non neque elit. Sed ut imperdiet nisi. Proin condimentum fermentum nunc. Etiam pharetra, erat sed fermentum feugiat, velit mauris egestas quam, ut aliquam massa nisl quis neque. Suspendisse in orci enim.', 10, 'INC', 'Profesores DECOM', '/tallerapp/images/asignaturas/no-foto.png', NULL),
(54, 'ASIGNATURA ELECTIVA DE ESPECIALIDAD II', 512, 'Proin gravida nibh vel velit auctor aliquet. Aenean sollicitudin, lorem quis bibendum auctor, nisi elit consequat ipsum, nec sagittis sem nibh id elit. Duis sed odio sit amet nibh vulputate cursus a sit amet mauris. Morbi accumsan ipsum velit. Nam nec tellus a odio tincidunt auctor a ornare odio. Sed non mauris vitae erat consequat auctor eu in elit. Class aptent taciti sociosqu ad litora torquent per conubia nostra, per inceptos himenaeos. Mauris in erat justo. Nullam ac urna eu felis dapibus condimentum sit amet a augue. Sed non neque elit. Sed ut imperdiet nisi. Proin condimentum fermentum nunc. Etiam pharetra, erat sed fermentum feugiat, velit mauris egestas quam, ut aliquam massa nisl quis neque. Suspendisse in orci enim.', 10, 'INC', 'Profesores DECOM', '/tallerapp/images/asignaturas/no-foto.png', NULL),
(55, 'FUNDAMENTOS DE INTELIGENCIA ARTIFICIAL ', 513, 'Proin gravida nibh vel velit auctor aliquet. Aenean sollicitudin, lorem quis bibendum auctor, nisi elit consequat ipsum, nec sagittis sem nibh id elit. Duis sed odio sit amet nibh vulputate cursus a sit amet mauris. Morbi accumsan ipsum velit. Nam nec tellus a odio tincidunt auctor a ornare odio. Sed non mauris vitae erat consequat auctor eu in elit. Class aptent taciti sociosqu ad litora torquent per conubia nostra, per inceptos himenaeos. Mauris in erat justo. Nullam ac urna eu felis dapibus condimentum sit amet a augue. Sed non neque elit. Sed ut imperdiet nisi. Proin condimentum fermentum nunc. Etiam pharetra, erat sed fermentum feugiat, velit mauris egestas quam, ut aliquam massa nisl quis neque. Suspendisse in orci enim.', 10, 'INC', 'Profesor FIA', '/tallerapp/images/asignaturas/fia.jpg', NULL),
(56, 'TALLER DE APLICACIONES', 514, 'Proin gravida nibh vel velit auctor aliquet. Aenean sollicitudin, lorem quis bibendum auctor, nisi elit consequat ipsum, nec sagittis sem nibh id elit. Duis sed odio sit amet nibh vulputate cursus a sit amet mauris. Morbi accumsan ipsum velit. Nam nec tellus a odio tincidunt auctor a ornare odio. Sed non mauris vitae erat consequat auctor eu in elit. Class aptent taciti sociosqu ad litora torquent per conubia nostra, per inceptos himenaeos. Mauris in erat justo. Nullam ac urna eu felis dapibus condimentum sit amet a augue. Sed non neque elit. Sed ut imperdiet nisi. Proin condimentum fermentum nunc. Etiam pharetra, erat sed fermentum feugiat, velit mauris egestas quam, ut aliquam massa nisl quis neque. Suspendisse in orci enim.', 10, 'INC', 'Carlos Becerra', '/tallerapp/images/asignaturas/talleraplicaciones.jpg', 5),
(57, 'SIMULACION', 515, 'Proin gravida nibh vel velit auctor aliquet. Aenean sollicitudin, lorem quis bibendum auctor, nisi elit consequat ipsum, nec sagittis sem nibh id elit. Duis sed odio sit amet nibh vulputate cursus a sit amet mauris. Morbi accumsan ipsum velit. Nam nec tellus a odio tincidunt auctor a ornare odio. Sed non mauris vitae erat consequat auctor eu in elit. Class aptent taciti sociosqu ad litora torquent per conubia nostra, per inceptos himenaeos. Mauris in erat justo. Nullam ac urna eu felis dapibus condimentum sit amet a augue. Sed non neque elit. Sed ut imperdiet nisi. Proin condimentum fermentum nunc. Etiam pharetra, erat sed fermentum feugiat, velit mauris egestas quam, ut aliquam massa nisl quis neque. Suspendisse in orci enim.', 10, 'INC', 'Lisandro Fermin', '/tallerapp/images/asignaturas/no-foto.png', NULL),
(58, 'ASIGNATURA ELECTIVA DE ESPECIALIDAD III', 600, 'Proin gravida nibh vel velit auctor aliquet. Aenean sollicitudin, lorem quis bibendum auctor, nisi elit consequat ipsum, nec sagittis sem nibh id elit. Duis sed odio sit amet nibh vulputate cursus a sit amet mauris. Morbi accumsan ipsum velit. Nam nec tellus a odio tincidunt auctor a ornare odio. Sed non mauris vitae erat consequat auctor eu in elit. Class aptent taciti sociosqu ad litora torquent per conubia nostra, per inceptos himenaeos. Mauris in erat justo. Nullam ac urna eu felis dapibus condimentum sit amet a augue. Sed non neque elit. Sed ut imperdiet nisi. Proin condimentum fermentum nunc. Etiam pharetra, erat sed fermentum feugiat, velit mauris egestas quam, ut aliquam massa nisl quis neque. Suspendisse in orci enim.', 11, 'INC', 'Profesores DECOM', '/tallerapp/images/asignaturas/no-foto.png', NULL);
INSERT INTO `asignatura` (`id`, `nombre`, `numero`, `descrip`, `semestre_semestre`, `malla_idMalla`, `profesor`, `foto`, `academico_idacademico`) VALUES
(59, 'SEMINARIO DE TITULO I ', 601, 'Proin gravida nibh vel velit auctor aliquet. Aenean sollicitudin, lorem quis bibendum auctor, nisi elit consequat ipsum, nec sagittis sem nibh id elit. Duis sed odio sit amet nibh vulputate cursus a sit amet mauris. Morbi accumsan ipsum velit. Nam nec tellus a odio tincidunt auctor a ornare odio. Sed non mauris vitae erat consequat auctor eu in elit. Class aptent taciti sociosqu ad litora torquent per conubia nostra, per inceptos himenaeos. Mauris in erat justo. Nullam ac urna eu felis dapibus condimentum sit amet a augue. Sed non neque elit. Sed ut imperdiet nisi. Proin condimentum fermentum nunc. Etiam pharetra, erat sed fermentum feugiat, velit mauris egestas quam, ut aliquam massa nisl quis neque. Suspendisse in orci enim.', 11, 'INC', 'Profesores DECOM', '/tallerapp/images/asignaturas/tesis1.jpg', 0),
(60, 'ETICA Y LEGISLACION ', 602, 'Proin gravida nibh vel velit auctor aliquet. Aenean sollicitudin, lorem quis bibendum auctor, nisi elit consequat ipsum, nec sagittis sem nibh id elit. Duis sed odio sit amet nibh vulputate cursus a sit amet mauris. Morbi accumsan ipsum velit. Nam nec tellus a odio tincidunt auctor a ornare odio. Sed non mauris vitae erat consequat auctor eu in elit. Class aptent taciti sociosqu ad litora torquent per conubia nostra, per inceptos himenaeos. Mauris in erat justo. Nullam ac urna eu felis dapibus condimentum sit amet a augue. Sed non neque elit. Sed ut imperdiet nisi. Proin condimentum fermentum nunc. Etiam pharetra, erat sed fermentum feugiat, velit mauris egestas quam, ut aliquam massa nisl quis neque. Suspendisse in orci enim.', 11, 'INC', 'Profesor Etica', '/tallerapp/images/asignaturas/etica.png', NULL),
(61, 'SEMINARIO DE TECNOLOGIA DE INFORMACION Y COMUNICACION', 610, 'Proin gravida nibh vel velit auctor aliquet. Aenean sollicitudin, lorem quis bibendum auctor, nisi elit consequat ipsum, nec sagittis sem nibh id elit. Duis sed odio sit amet nibh vulputate cursus a sit amet mauris. Morbi accumsan ipsum velit. Nam nec tellus a odio tincidunt auctor a ornare odio. Sed non mauris vitae erat consequat auctor eu in elit. Class aptent taciti sociosqu ad litora torquent per conubia nostra, per inceptos himenaeos. Mauris in erat justo. Nullam ac urna eu felis dapibus condimentum sit amet a augue. Sed non neque elit. Sed ut imperdiet nisi. Proin condimentum fermentum nunc. Etiam pharetra, erat sed fermentum feugiat, velit mauris egestas quam, ut aliquam massa nisl quis neque. Suspendisse in orci enim.', 12, 'INC', 'Cristian Carrion', '/tallerapp/images/asignaturas/semtic.gif', 9),
(62, 'SEMINARIO DE TITULO II ', 611, 'Proin gravida nibh vel velit auctor aliquet. Aenean sollicitudin, lorem quis bibendum auctor, nisi elit consequat ipsum, nec sagittis sem nibh id elit. Duis sed odio sit amet nibh vulputate cursus a sit amet mauris. Morbi accumsan ipsum velit. Nam nec tellus a odio tincidunt auctor a ornare odio. Sed non mauris vitae erat consequat auctor eu in elit. Class aptent taciti sociosqu ad litora torquent per conubia nostra, per inceptos himenaeos. Mauris in erat justo. Nullam ac urna eu felis dapibus condimentum sit amet a augue. Sed non neque elit. Sed ut imperdiet nisi. Proin condimentum fermentum nunc. Etiam pharetra, erat sed fermentum feugiat, velit mauris egestas quam, ut aliquam massa nisl quis neque. Suspendisse in orci enim.', 12, 'INC', 'Profesores DECOM', '/tallerapp/images/asignaturas/tesis2.jpg', 0),
(63, 'ECUACIONES DIFERENCIALES', 300, 'Proin gravida nibh vel velit auctor aliquet. Aenean sollicitudin, lorem quis bibendum auctor, nisi elit consequat ipsum, nec sagittis sem nibh id elit. Duis sed odio sit amet nibh vulputate cursus a sit amet mauris. Morbi accumsan ipsum velit. Nam nec tellus a odio tincidunt auctor a ornare odio. Sed non mauris vitae erat consequat auctor eu in elit. Class aptent taciti sociosqu ad litora torquent per conubia nostra, per inceptos himenaeos. Mauris in erat justo. Nullam ac urna eu felis dapibus condimentum sit amet a augue. Sed non neque elit. Sed ut imperdiet nisi. Proin condimentum fermentum nunc. Etiam pharetra, erat sed fermentum feugiat, velit mauris egestas quam, ut aliquam massa nisl quis neque. Suspendisse in orci enim.', 5, 'IIN', 'Profesor Ecuaciones', '/tallerapp/images/asignaturas/no-foto.png', NULL),
(64, 'ELECTROMAGNETISMO', 301, 'Proin gravida nibh vel velit auctor aliquet. Aenean sollicitudin, lorem quis bibendum auctor, nisi elit consequat ipsum, nec sagittis sem nibh id elit. Duis sed odio sit amet nibh vulputate cursus a sit amet mauris. Morbi accumsan ipsum velit. Nam nec tellus a odio tincidunt auctor a ornare odio. Sed non mauris vitae erat consequat auctor eu in elit. Class aptent taciti sociosqu ad litora torquent per conubia nostra, per inceptos himenaeos. Mauris in erat justo. Nullam ac urna eu felis dapibus condimentum sit amet a augue. Sed non neque elit. Sed ut imperdiet nisi. Proin condimentum fermentum nunc. Etiam pharetra, erat sed fermentum feugiat, velit mauris egestas quam, ut aliquam massa nisl quis neque. Suspendisse in orci enim.', 5, 'IIN', 'Profesor Electro', '/tallerapp/images/asignaturas/no-foto.png', NULL),
(65, 'ANALISIS Y DISENO DE ALGORITMOS', 302, 'Proin gravida nibh vel velit auctor aliquet. Aenean sollicitudin, lorem quis bibendum auctor, nisi elit consequat ipsum, nec sagittis sem nibh id elit. Duis sed odio sit amet nibh vulputate cursus a sit amet mauris. Morbi accumsan ipsum velit. Nam nec tellus a odio tincidunt auctor a ornare odio. Sed non mauris vitae erat consequat auctor eu in elit. Class aptent taciti sociosqu ad litora torquent per conubia nostra, per inceptos himenaeos. Mauris in erat justo. Nullam ac urna eu felis dapibus condimentum sit amet a augue. Sed non neque elit. Sed ut imperdiet nisi. Proin condimentum fermentum nunc. Etiam pharetra, erat sed fermentum feugiat, velit mauris egestas quam, ut aliquam massa nisl quis neque. Suspendisse in orci enim.', 5, 'IIN', 'Pablo Perez', '/tallerapp/images/asignaturas/ada.jpg', 7),
(66, 'TEORIA DE SISTEMAS OPERATIVOS', 303, 'Proin gravida nibh vel velit auctor aliquet. Aenean sollicitudin, lorem quis bibendum auctor, nisi elit consequat ipsum, nec sagittis sem nibh id elit. Duis sed odio sit amet nibh vulputate cursus a sit amet mauris. Morbi accumsan ipsum velit. Nam nec tellus a odio tincidunt auctor a ornare odio. Sed non mauris vitae erat consequat auctor eu in elit. Class aptent taciti sociosqu ad litora torquent per conubia nostra, per inceptos himenaeos. Mauris in erat justo. Nullam ac urna eu felis dapibus condimentum sit amet a augue. Sed non neque elit. Sed ut imperdiet nisi. Proin condimentum fermentum nunc. Etiam pharetra, erat sed fermentum feugiat, velit mauris egestas quam, ut aliquam massa nisl quis neque. Suspendisse in orci enim.', 5, 'IIN', 'Gabriel Astudillo', '/tallerapp/images/asignaturas/teosisop.jpg', 4),
(67, 'FUNDAMENTOS DE INGENIERIA DE SOFTWARE', 304, 'Proin gravida nibh vel velit auctor aliquet. Aenean sollicitudin, lorem quis bibendum auctor, nisi elit consequat ipsum, nec sagittis sem nibh id elit. Duis sed odio sit amet nibh vulputate cursus a sit amet mauris. Morbi accumsan ipsum velit. Nam nec tellus a odio tincidunt auctor a ornare odio. Sed non mauris vitae erat consequat auctor eu in elit. Class aptent taciti sociosqu ad litora torquent per conubia nostra, per inceptos himenaeos. Mauris in erat justo. Nullam ac urna eu felis dapibus condimentum sit amet a augue. Sed non neque elit. Sed ut imperdiet nisi. Proin condimentum fermentum nunc. Etiam pharetra, erat sed fermentum feugiat, velit mauris egestas quam, ut aliquam massa nisl quis neque. Suspendisse in orci enim.', 5, 'IIN', 'Rene Noel', '/tallerapp/images/asignaturas/fis.png', 8),
(68, 'INGLES I', 305, 'Proin gravida nibh vel velit auctor aliquet. Aenean sollicitudin, lorem quis bibendum auctor, nisi elit consequat ipsum, nec sagittis sem nibh id elit. Duis sed odio sit amet nibh vulputate cursus a sit amet mauris. Morbi accumsan ipsum velit. Nam nec tellus a odio tincidunt auctor a ornare odio. Sed non mauris vitae erat consequat auctor eu in elit. Class aptent taciti sociosqu ad litora torquent per conubia nostra, per inceptos himenaeos. Mauris in erat justo. Nullam ac urna eu felis dapibus condimentum sit amet a augue. Sed non neque elit. Sed ut imperdiet nisi. Proin condimentum fermentum nunc. Etiam pharetra, erat sed fermentum feugiat, velit mauris egestas quam, ut aliquam massa nisl quis neque. Suspendisse in orci enim.', 5, 'IIN', 'Profesor Ingles', '/tallerapp/images/asignaturas/no-foto.png', NULL),
(69, 'PROBABILIDAD Y ESTADISTICA', 310, 'Proin gravida nibh vel velit auctor aliquet. Aenean sollicitudin, lorem quis bibendum auctor, nisi elit consequat ipsum, nec sagittis sem nibh id elit. Duis sed odio sit amet nibh vulputate cursus a sit amet mauris. Morbi accumsan ipsum velit. Nam nec tellus a odio tincidunt auctor a ornare odio. Sed non mauris vitae erat consequat auctor eu in elit. Class aptent taciti sociosqu ad litora torquent per conubia nostra, per inceptos himenaeos. Mauris in erat justo. Nullam ac urna eu felis dapibus condimentum sit amet a augue. Sed non neque elit. Sed ut imperdiet nisi. Proin condimentum fermentum nunc. Etiam pharetra, erat sed fermentum feugiat, velit mauris egestas quam, ut aliquam massa nisl quis neque. Suspendisse in orci enim.', 6, 'IIN', 'Lisandro Fermin', '/tallerapp/images/asignaturas/probabilidad.jpg', NULL),
(70, 'REDES DE COMPUTADORES', 311, 'Proin gravida nibh vel velit auctor aliquet. Aenean sollicitudin, lorem quis bibendum auctor, nisi elit consequat ipsum, nec sagittis sem nibh id elit. Duis sed odio sit amet nibh vulputate cursus a sit amet mauris. Morbi accumsan ipsum velit. Nam nec tellus a odio tincidunt auctor a ornare odio. Sed non mauris vitae erat consequat auctor eu in elit. Class aptent taciti sociosqu ad litora torquent per conubia nostra, per inceptos himenaeos. Mauris in erat justo. Nullam ac urna eu felis dapibus condimentum sit amet a augue. Sed non neque elit. Sed ut imperdiet nisi. Proin condimentum fermentum nunc. Etiam pharetra, erat sed fermentum feugiat, velit mauris egestas quam, ut aliquam massa nisl quis neque. Suspendisse in orci enim.', 6, 'IIN', 'Gabriel Astudillo', '/tallerapp/images/asignaturas/redespc.jpg', 4),
(71, 'METODOLOGIAS DE ANALISIS', 312, 'Proin gravida nibh vel velit auctor aliquet. Aenean sollicitudin, lorem quis bibendum auctor, nisi elit consequat ipsum, nec sagittis sem nibh id elit. Duis sed odio sit amet nibh vulputate cursus a sit amet mauris. Morbi accumsan ipsum velit. Nam nec tellus a odio tincidunt auctor a ornare odio. Sed non mauris vitae erat consequat auctor eu in elit. Class aptent taciti sociosqu ad litora torquent per conubia nostra, per inceptos himenaeos. Mauris in erat justo. Nullam ac urna eu felis dapibus condimentum sit amet a augue. Sed non neque elit. Sed ut imperdiet nisi. Proin condimentum fermentum nunc. Etiam pharetra, erat sed fermentum feugiat, velit mauris egestas quam, ut aliquam massa nisl quis neque. Suspendisse in orci enim.', 6, 'IIN', 'Rene Noel', '/tallerapp/images/asignaturas/no-foto.png', 8),
(72, 'ADMINISTRACION EN INFORMATICA', 313, 'Proin gravida nibh vel velit auctor aliquet. Aenean sollicitudin, lorem quis bibendum auctor, nisi elit consequat ipsum, nec sagittis sem nibh id elit. Duis sed odio sit amet nibh vulputate cursus a sit amet mauris. Morbi accumsan ipsum velit. Nam nec tellus a odio tincidunt auctor a ornare odio. Sed non mauris vitae erat consequat auctor eu in elit. Class aptent taciti sociosqu ad litora torquent per conubia nostra, per inceptos himenaeos. Mauris in erat justo. Nullam ac urna eu felis dapibus condimentum sit amet a augue. Sed non neque elit. Sed ut imperdiet nisi. Proin condimentum fermentum nunc. Etiam pharetra, erat sed fermentum feugiat, velit mauris egestas quam, ut aliquam massa nisl quis neque. Suspendisse in orci enim.', 6, 'IIN', 'Andres Bernal', '/tallerapp/images/asignaturas/adm_informatica.jpg', NULL),
(73, 'INGLES II', 314, 'Proin gravida nibh vel velit auctor aliquet. Aenean sollicitudin, lorem quis bibendum auctor, nisi elit consequat ipsum, nec sagittis sem nibh id elit. Duis sed odio sit amet nibh vulputate cursus a sit amet mauris. Morbi accumsan ipsum velit. Nam nec tellus a odio tincidunt auctor a ornare odio. Sed non mauris vitae erat consequat auctor eu in elit. Class aptent taciti sociosqu ad litora torquent per conubia nostra, per inceptos himenaeos. Mauris in erat justo. Nullam ac urna eu felis dapibus condimentum sit amet a augue. Sed non neque elit. Sed ut imperdiet nisi. Proin condimentum fermentum nunc. Etiam pharetra, erat sed fermentum feugiat, velit mauris egestas quam, ut aliquam massa nisl quis neque. Suspendisse in orci enim.', 6, 'IIN', 'Profesor', '/tallerapp/images/asignaturas/no-foto.png', NULL),
(74, 'INTERFAZ HOMBRE-MAQUINA', 400, 'Proin gravida nibh vel velit auctor aliquet. Aenean sollicitudin, lorem quis bibendum auctor, nisi elit consequat ipsum, nec sagittis sem nibh id elit. Duis sed odio sit amet nibh vulputate cursus a sit amet mauris. Morbi accumsan ipsum velit. Nam nec tellus a odio tincidunt auctor a ornare odio. Sed non mauris vitae erat consequat auctor eu in elit. Class aptent taciti sociosqu ad litora torquent per conubia nostra, per inceptos himenaeos. Mauris in erat justo. Nullam ac urna eu felis dapibus condimentum sit amet a augue. Sed non neque elit. Sed ut imperdiet nisi. Proin condimentum fermentum nunc. Etiam pharetra, erat sed fermentum feugiat, velit mauris egestas quam, ut aliquam massa nisl quis neque. Suspendisse in orci enim.', 7, 'IIN', 'Roberto Muñoz', '/tallerapp/images/asignaturas/interfaz.jpg', 3),
(75, 'MODELOS DE DATOS', 401, 'Proin gravida nibh vel velit auctor aliquet. Aenean sollicitudin, lorem quis bibendum auctor, nisi elit consequat ipsum, nec sagittis sem nibh id elit. Duis sed odio sit amet nibh vulputate cursus a sit amet mauris. Morbi accumsan ipsum velit. Nam nec tellus a odio tincidunt auctor a ornare odio. Sed non mauris vitae erat consequat auctor eu in elit. Class aptent taciti sociosqu ad litora torquent per conubia nostra, per inceptos himenaeos. Mauris in erat justo. Nullam ac urna eu felis dapibus condimentum sit amet a augue. Sed non neque elit. Sed ut imperdiet nisi. Proin condimentum fermentum nunc. Etiam pharetra, erat sed fermentum feugiat, velit mauris egestas quam, ut aliquam massa nisl quis neque. Suspendisse in orci enim.', 7, 'IIN', 'Eliana Providel', '/tallerapp/images/asignaturas/modelodatos.jpg', 6),
(76, 'TALLER DE SISTEMAS OPERATIVOS', 402, 'Proin gravida nibh vel velit auctor aliquet. Aenean sollicitudin, lorem quis bibendum auctor, nisi elit consequat ipsum, nec sagittis sem nibh id elit. Duis sed odio sit amet nibh vulputate cursus a sit amet mauris. Morbi accumsan ipsum velit. Nam nec tellus a odio tincidunt auctor a ornare odio. Sed non mauris vitae erat consequat auctor eu in elit. Class aptent taciti sociosqu ad litora torquent per conubia nostra, per inceptos himenaeos. Mauris in erat justo. Nullam ac urna eu felis dapibus condimentum sit amet a augue. Sed non neque elit. Sed ut imperdiet nisi. Proin condimentum fermentum nunc. Etiam pharetra, erat sed fermentum feugiat, velit mauris egestas quam, ut aliquam massa nisl quis neque. Suspendisse in orci enim.', 7, 'IIN', 'Gabriel Astudillo', '/tallerapp/images/asignaturas/teosisop.jpg', 4),
(77, 'METODOLOGIAS DE DISEÑO', 403, 'Proin gravida nibh vel velit auctor aliquet. Aenean sollicitudin, lorem quis bibendum auctor, nisi elit consequat ipsum, nec sagittis sem nibh id elit. Duis sed odio sit amet nibh vulputate cursus a sit amet mauris. Morbi accumsan ipsum velit. Nam nec tellus a odio tincidunt auctor a ornare odio. Sed non mauris vitae erat consequat auctor eu in elit. Class aptent taciti sociosqu ad litora torquent per conubia nostra, per inceptos himenaeos. Mauris in erat justo. Nullam ac urna eu felis dapibus condimentum sit amet a augue. Sed non neque elit. Sed ut imperdiet nisi. Proin condimentum fermentum nunc. Etiam pharetra, erat sed fermentum feugiat, velit mauris egestas quam, ut aliquam massa nisl quis neque. Suspendisse in orci enim.', 7, 'IIN', 'Rene Noel', '/tallerapp/images/asignaturas/metododiseno.jpg', 8),
(78, 'INGLES III', 404, 'Proin gravida nibh vel velit auctor aliquet. Aenean sollicitudin, lorem quis bibendum auctor, nisi elit consequat ipsum, nec sagittis sem nibh id elit. Duis sed odio sit amet nibh vulputate cursus a sit amet mauris. Morbi accumsan ipsum velit. Nam nec tellus a odio tincidunt auctor a ornare odio. Sed non mauris vitae erat consequat auctor eu in elit. Class aptent taciti sociosqu ad litora torquent per conubia nostra, per inceptos himenaeos. Mauris in erat justo. Nullam ac urna eu felis dapibus condimentum sit amet a augue. Sed non neque elit. Sed ut imperdiet nisi. Proin condimentum fermentum nunc. Etiam pharetra, erat sed fermentum feugiat, velit mauris egestas quam, ut aliquam massa nisl quis neque. Suspendisse in orci enim.', 7, 'IIN', 'Profesor', '/tallerapp/images/asignaturas/no-foto.png', NULL),
(79, 'TALLER DE APLICACIONES', 410, 'Proin gravida nibh vel velit auctor aliquet. Aenean sollicitudin, lorem quis bibendum auctor, nisi elit consequat ipsum, nec sagittis sem nibh id elit. Duis sed odio sit amet nibh vulputate cursus a sit amet mauris. Morbi accumsan ipsum velit. Nam nec tellus a odio tincidunt auctor a ornare odio. Sed non mauris vitae erat consequat auctor eu in elit. Class aptent taciti sociosqu ad litora torquent per conubia nostra, per inceptos himenaeos. Mauris in erat justo. Nullam ac urna eu felis dapibus condimentum sit amet a augue. Sed non neque elit. Sed ut imperdiet nisi. Proin condimentum fermentum nunc. Etiam pharetra, erat sed fermentum feugiat, velit mauris egestas quam, ut aliquam massa nisl quis neque. Suspendisse in orci enim.', 8, 'IIN', 'Carlos Becerra', '/tallerapp/images/asignaturas/talleraplicaciones.jpg', 5),
(80, 'DESARROLLO WEB', 411, 'Proin gravida nibh vel velit auctor aliquet. Aenean sollicitudin, lorem quis bibendum auctor, nisi elit consequat ipsum, nec sagittis sem nibh id elit. Duis sed odio sit amet nibh vulputate cursus a sit amet mauris. Morbi accumsan ipsum velit. Nam nec tellus a odio tincidunt auctor a ornare odio. Sed non mauris vitae erat consequat auctor eu in elit. Class aptent taciti sociosqu ad litora torquent per conubia nostra, per inceptos himenaeos. Mauris in erat justo. Nullam ac urna eu felis dapibus condimentum sit amet a augue. Sed non neque elit. Sed ut imperdiet nisi. Proin condimentum fermentum nunc. Etiam pharetra, erat sed fermentum feugiat, velit mauris egestas quam, ut aliquam massa nisl quis neque. Suspendisse in orci enim.', 8, 'IIN', 'Rene Noel', '/tallerapp/images/asignaturas/desarrolloweb.png', 8),
(81, 'SISTEMAS DE BASES DE DATOS', 412, 'Proin gravida nibh vel velit auctor aliquet. Aenean sollicitudin, lorem quis bibendum auctor, nisi elit consequat ipsum, nec sagittis sem nibh id elit. Duis sed odio sit amet nibh vulputate cursus a sit amet mauris. Morbi accumsan ipsum velit. Nam nec tellus a odio tincidunt auctor a ornare odio. Sed non mauris vitae erat consequat auctor eu in elit. Class aptent taciti sociosqu ad litora torquent per conubia nostra, per inceptos himenaeos. Mauris in erat justo. Nullam ac urna eu felis dapibus condimentum sit amet a augue. Sed non neque elit. Sed ut imperdiet nisi. Proin condimentum fermentum nunc. Etiam pharetra, erat sed fermentum feugiat, velit mauris egestas quam, ut aliquam massa nisl quis neque. Suspendisse in orci enim.', 8, 'IIN', 'Eliana Providel', '/tallerapp/images/asignaturas/sisdatos.jpg', 6),
(82, 'ARQUITECTURA DE SOFTWARE', 413, 'Proin gravida nibh vel velit auctor aliquet. Aenean sollicitudin, lorem quis bibendum auctor, nisi elit consequat ipsum, nec sagittis sem nibh id elit. Duis sed odio sit amet nibh vulputate cursus a sit amet mauris. Morbi accumsan ipsum velit. Nam nec tellus a odio tincidunt auctor a ornare odio. Sed non mauris vitae erat consequat auctor eu in elit. Class aptent taciti sociosqu ad litora torquent per conubia nostra, per inceptos himenaeos. Mauris in erat justo. Nullam ac urna eu felis dapibus condimentum sit amet a augue. Sed non neque elit. Sed ut imperdiet nisi. Proin condimentum fermentum nunc. Etiam pharetra, erat sed fermentum feugiat, velit mauris egestas quam, ut aliquam massa nisl quis neque. Suspendisse in orci enim.', 8, 'IIN', 'Carlos Becerra', '/tallerapp/images/asignaturas/arqsoftware.png', 5),
(83, 'EVALUACION DE PROYECTOS', 414, 'Proin gravida nibh vel velit auctor aliquet. Aenean sollicitudin, lorem quis bibendum auctor, nisi elit consequat ipsum, nec sagittis sem nibh id elit. Duis sed odio sit amet nibh vulputate cursus a sit amet mauris. Morbi accumsan ipsum velit. Nam nec tellus a odio tincidunt auctor a ornare odio. Sed non mauris vitae erat consequat auctor eu in elit. Class aptent taciti sociosqu ad litora torquent per conubia nostra, per inceptos himenaeos. Mauris in erat justo. Nullam ac urna eu felis dapibus condimentum sit amet a augue. Sed non neque elit. Sed ut imperdiet nisi. Proin condimentum fermentum nunc. Etiam pharetra, erat sed fermentum feugiat, velit mauris egestas quam, ut aliquam massa nisl quis neque. Suspendisse in orci enim.', 8, 'IIN', 'Profesor', '/tallerapp/images/asignaturas/evproyecto.jpg', NULL),
(84, 'TALLER DE REDES', 500, 'Proin gravida nibh vel velit auctor aliquet. Aenean sollicitudin, lorem quis bibendum auctor, nisi elit consequat ipsum, nec sagittis sem nibh id elit. Duis sed odio sit amet nibh vulputate cursus a sit amet mauris. Morbi accumsan ipsum velit. Nam nec tellus a odio tincidunt auctor a ornare odio. Sed non mauris vitae erat consequat auctor eu in elit. Class aptent taciti sociosqu ad litora torquent per conubia nostra, per inceptos himenaeos. Mauris in erat justo. Nullam ac urna eu felis dapibus condimentum sit amet a augue. Sed non neque elit. Sed ut imperdiet nisi. Proin condimentum fermentum nunc. Etiam pharetra, erat sed fermentum feugiat, velit mauris egestas quam, ut aliquam massa nisl quis neque. Suspendisse in orci enim.', 9, 'IIN', 'Gabriel Astudillo', '/tallerapp/images/asignaturas/taller_redes.png', 4),
(85, 'TALLER DE BASES DE DATOS', 501, 'Proin gravida nibh vel velit auctor aliquet. Aenean sollicitudin, lorem quis bibendum auctor, nisi elit consequat ipsum, nec sagittis sem nibh id elit. Duis sed odio sit amet nibh vulputate cursus a sit amet mauris. Morbi accumsan ipsum velit. Nam nec tellus a odio tincidunt auctor a ornare odio. Sed non mauris vitae erat consequat auctor eu in elit. Class aptent taciti sociosqu ad litora torquent per conubia nostra, per inceptos himenaeos. Mauris in erat justo. Nullam ac urna eu felis dapibus condimentum sit amet a augue. Sed non neque elit. Sed ut imperdiet nisi. Proin condimentum fermentum nunc. Etiam pharetra, erat sed fermentum feugiat, velit mauris egestas quam, ut aliquam massa nisl quis neque. Suspendisse in orci enim.', 9, 'IIN', 'Eliana Providel', '/tallerapp/images/asignaturas/tallerbd.png', 6),
(86, 'SEMINARIO DE TITULO I', 502, 'Proin gravida nibh vel velit auctor aliquet. Aenean sollicitudin, lorem quis bibendum auctor, nisi elit consequat ipsum, nec sagittis sem nibh id elit. Duis sed odio sit amet nibh vulputate cursus a sit amet mauris. Morbi accumsan ipsum velit. Nam nec tellus a odio tincidunt auctor a ornare odio. Sed non mauris vitae erat consequat auctor eu in elit. Class aptent taciti sociosqu ad litora torquent per conubia nostra, per inceptos himenaeos. Mauris in erat justo. Nullam ac urna eu felis dapibus condimentum sit amet a augue. Sed non neque elit. Sed ut imperdiet nisi. Proin condimentum fermentum nunc. Etiam pharetra, erat sed fermentum feugiat, velit mauris egestas quam, ut aliquam massa nisl quis neque. Suspendisse in orci enim.', 9, 'IIN', 'Profesores DECOM', '/tallerapp/images/asignaturas/tesis1.jpg', 0),
(87, 'ETICA Y LEGISLACION', 503, 'Proin gravida nibh vel velit auctor aliquet. Aenean sollicitudin, lorem quis bibendum auctor, nisi elit consequat ipsum, nec sagittis sem nibh id elit. Duis sed odio sit amet nibh vulputate cursus a sit amet mauris. Morbi accumsan ipsum velit. Nam nec tellus a odio tincidunt auctor a ornare odio. Sed non mauris vitae erat consequat auctor eu in elit. Class aptent taciti sociosqu ad litora torquent per conubia nostra, per inceptos himenaeos. Mauris in erat justo. Nullam ac urna eu felis dapibus condimentum sit amet a augue. Sed non neque elit. Sed ut imperdiet nisi. Proin condimentum fermentum nunc. Etiam pharetra, erat sed fermentum feugiat, velit mauris egestas quam, ut aliquam massa nisl quis neque. Suspendisse in orci enim.', 9, 'IIN', 'Profesor', '/tallerapp/images/asignaturas/etica.png', NULL),
(88, 'SEMINARIO DE TECNOLOGIA DE INFORMACION Y COMUNICACION', 510, 'Proin gravida nibh vel velit auctor aliquet. Aenean sollicitudin, lorem quis bibendum auctor, nisi elit consequat ipsum, nec sagittis sem nibh id elit. Duis sed odio sit amet nibh vulputate cursus a sit amet mauris. Morbi accumsan ipsum velit. Nam nec tellus a odio tincidunt auctor a ornare odio. Sed non mauris vitae erat consequat auctor eu in elit. Class aptent taciti sociosqu ad litora torquent per conubia nostra, per inceptos himenaeos. Mauris in erat justo. Nullam ac urna eu felis dapibus condimentum sit amet a augue. Sed non neque elit. Sed ut imperdiet nisi. Proin condimentum fermentum nunc. Etiam pharetra, erat sed fermentum feugiat, velit mauris egestas quam, ut aliquam massa nisl quis neque. Suspendisse in orci enim.', 10, 'IIN', 'Cristian Carrion', '/tallerapp/images/asignaturas/semtic.gif', 9),
(89, 'SEMINARIO DE TITULO II', 511, 'Proin gravida nibh vel velit auctor aliquet. Aenean sollicitudin, lorem quis bibendum auctor, nisi elit consequat ipsum, nec sagittis sem nibh id elit. Duis sed odio sit amet nibh vulputate cursus a sit amet mauris. Morbi accumsan ipsum velit. Nam nec tellus a odio tincidunt auctor a ornare odio. Sed non mauris vitae erat consequat auctor eu in elit. Class aptent taciti sociosqu ad litora torquent per conubia nostra, per inceptos himenaeos. Mauris in erat justo. Nullam ac urna eu felis dapibus condimentum sit amet a augue. Sed non neque elit. Sed ut imperdiet nisi. Proin condimentum fermentum nunc. Etiam pharetra, erat sed fermentum feugiat, velit mauris egestas quam, ut aliquam massa nisl quis neque. Suspendisse in orci enim.', 10, 'IIN', 'Profesores DECOM', '/tallerapp/images/asignaturas/tesis2.jpg', 0),
(90, 'PROBABILIDAD Y ESTADISTICA', 300, 'Proin gravida nibh vel velit auctor aliquet. Aenean sollicitudin, lorem quis bibendum auctor, nisi elit consequat ipsum, nec sagittis sem nibh id elit. Duis sed odio sit amet nibh vulputate cursus a sit amet mauris. Morbi accumsan ipsum velit. Nam nec tellus a odio tincidunt auctor a ornare odio. Sed non mauris vitae erat consequat auctor eu in elit. Class aptent taciti sociosqu ad litora torquent per conubia nostra, per inceptos himenaeos. Mauris in erat justo. Nullam ac urna eu felis dapibus condimentum sit amet a augue. Sed non neque elit. Sed ut imperdiet nisi. Proin condimentum fermentum nunc. Etiam pharetra, erat sed fermentum feugiat, velit mauris egestas quam, ut aliquam massa nisl quis neque. Suspendisse in orci enim.', 5, 'IEJ', 'Lisandro Fermin', '/tallerapp/images/asignaturas/probabilidad.jpg', NULL),
(91, 'MODELOS DE DATOS', 301, 'Proin gravida nibh vel velit auctor aliquet. Aenean sollicitudin, lorem quis bibendum auctor, nisi elit consequat ipsum, nec sagittis sem nibh id elit. Duis sed odio sit amet nibh vulputate cursus a sit amet mauris. Morbi accumsan ipsum velit. Nam nec tellus a odio tincidunt auctor a ornare odio. Sed non mauris vitae erat consequat auctor eu in elit. Class aptent taciti sociosqu ad litora torquent per conubia nostra, per inceptos himenaeos. Mauris in erat justo. Nullam ac urna eu felis dapibus condimentum sit amet a augue. Sed non neque elit. Sed ut imperdiet nisi. Proin condimentum fermentum nunc. Etiam pharetra, erat sed fermentum feugiat, velit mauris egestas quam, ut aliquam massa nisl quis neque. Suspendisse in orci enim.', 5, 'IEJ', 'Eliana Providel', '/tallerapp/images/asignaturas/modelodatos.jpg', 6),
(92, 'TEORIA DE SISTEMAS OPERATIVOS', 302, 'Proin gravida nibh vel velit auctor aliquet. Aenean sollicitudin, lorem quis bibendum auctor, nisi elit consequat ipsum, nec sagittis sem nibh id elit. Duis sed odio sit amet nibh vulputate cursus a sit amet mauris. Morbi accumsan ipsum velit. Nam nec tellus a odio tincidunt auctor a ornare odio. Sed non mauris vitae erat consequat auctor eu in elit. Class aptent taciti sociosqu ad litora torquent per conubia nostra, per inceptos himenaeos. Mauris in erat justo. Nullam ac urna eu felis dapibus condimentum sit amet a augue. Sed non neque elit. Sed ut imperdiet nisi. Proin condimentum fermentum nunc. Etiam pharetra, erat sed fermentum feugiat, velit mauris egestas quam, ut aliquam massa nisl quis neque. Suspendisse in orci enim.', 5, 'IEJ', 'Gabriel Astudillo', '/tallerapp/images/asignaturas/teosisop.jpg', 4),
(93, 'FUNDAMENTOS DE INGENIERIA DE SOFTWARE', 303, 'Proin gravida nibh vel velit auctor aliquet. Aenean sollicitudin, lorem quis bibendum auctor, nisi elit consequat ipsum, nec sagittis sem nibh id elit. Duis sed odio sit amet nibh vulputate cursus a sit amet mauris. Morbi accumsan ipsum velit. Nam nec tellus a odio tincidunt auctor a ornare odio. Sed non mauris vitae erat consequat auctor eu in elit. Class aptent taciti sociosqu ad litora torquent per conubia nostra, per inceptos himenaeos. Mauris in erat justo. Nullam ac urna eu felis dapibus condimentum sit amet a augue. Sed non neque elit. Sed ut imperdiet nisi. Proin condimentum fermentum nunc. Etiam pharetra, erat sed fermentum feugiat, velit mauris egestas quam, ut aliquam massa nisl quis neque. Suspendisse in orci enim.', 5, 'IEJ', 'Rene Noel', '/tallerapp/images/asignaturas/fis.png', 8),
(94, 'INGLES I', 304, 'Proin gravida nibh vel velit auctor aliquet. Aenean sollicitudin, lorem quis bibendum auctor, nisi elit consequat ipsum, nec sagittis sem nibh id elit. Duis sed odio sit amet nibh vulputate cursus a sit amet mauris. Morbi accumsan ipsum velit. Nam nec tellus a odio tincidunt auctor a ornare odio. Sed non mauris vitae erat consequat auctor eu in elit. Class aptent taciti sociosqu ad litora torquent per conubia nostra, per inceptos himenaeos. Mauris in erat justo. Nullam ac urna eu felis dapibus condimentum sit amet a augue. Sed non neque elit. Sed ut imperdiet nisi. Proin condimentum fermentum nunc. Etiam pharetra, erat sed fermentum feugiat, velit mauris egestas quam, ut aliquam massa nisl quis neque. Suspendisse in orci enim.', 5, 'IEJ', 'Profesor Ingles', '/tallerapp/images/asignaturas/no-foto.png', NULL),
(95, 'SISTEMAS DE BASES DE DATOS', 310, 'Proin gravida nibh vel velit auctor aliquet. Aenean sollicitudin, lorem quis bibendum auctor, nisi elit consequat ipsum, nec sagittis sem nibh id elit. Duis sed odio sit amet nibh vulputate cursus a sit amet mauris. Morbi accumsan ipsum velit. Nam nec tellus a odio tincidunt auctor a ornare odio. Sed non mauris vitae erat consequat auctor eu in elit. Class aptent taciti sociosqu ad litora torquent per conubia nostra, per inceptos himenaeos. Mauris in erat justo. Nullam ac urna eu felis dapibus condimentum sit amet a augue. Sed non neque elit. Sed ut imperdiet nisi. Proin condimentum fermentum nunc. Etiam pharetra, erat sed fermentum feugiat, velit mauris egestas quam, ut aliquam massa nisl quis neque. Suspendisse in orci enim.', 6, 'IEJ', 'Eliana Providel', '/tallerapp/images/asignaturas/sisdatos.jpg', 6),
(96, 'REDES DE COMPUTADORES', 311, 'Proin gravida nibh vel velit auctor aliquet. Aenean sollicitudin, lorem quis bibendum auctor, nisi elit consequat ipsum, nec sagittis sem nibh id elit. Duis sed odio sit amet nibh vulputate cursus a sit amet mauris. Morbi accumsan ipsum velit. Nam nec tellus a odio tincidunt auctor a ornare odio. Sed non mauris vitae erat consequat auctor eu in elit. Class aptent taciti sociosqu ad litora torquent per conubia nostra, per inceptos himenaeos. Mauris in erat justo. Nullam ac urna eu felis dapibus condimentum sit amet a augue. Sed non neque elit. Sed ut imperdiet nisi. Proin condimentum fermentum nunc. Etiam pharetra, erat sed fermentum feugiat, velit mauris egestas quam, ut aliquam massa nisl quis neque. Suspendisse in orci enim.', 6, 'IEJ', 'Gabriel Astudillo', '/tallerapp/images/asignaturas/redespc.jpg', NULL),
(97, 'DESARROLLO WEB', 312, 'Proin gravida nibh vel velit auctor aliquet. Aenean sollicitudin, lorem quis bibendum auctor, nisi elit consequat ipsum, nec sagittis sem nibh id elit. Duis sed odio sit amet nibh vulputate cursus a sit amet mauris. Morbi accumsan ipsum velit. Nam nec tellus a odio tincidunt auctor a ornare odio. Sed non mauris vitae erat consequat auctor eu in elit. Class aptent taciti sociosqu ad litora torquent per conubia nostra, per inceptos himenaeos. Mauris in erat justo. Nullam ac urna eu felis dapibus condimentum sit amet a augue. Sed non neque elit. Sed ut imperdiet nisi. Proin condimentum fermentum nunc. Etiam pharetra, erat sed fermentum feugiat, velit mauris egestas quam, ut aliquam massa nisl quis neque. Suspendisse in orci enim.', 6, 'IEJ', 'Rene Noel', '/tallerapp/images/asignaturas/desarrolloweb.png', 8),
(98, 'METODOLOGIAS DE ANALISIS', 313, 'Proin gravida nibh vel velit auctor aliquet. Aenean sollicitudin, lorem quis bibendum auctor, nisi elit consequat ipsum, nec sagittis sem nibh id elit. Duis sed odio sit amet nibh vulputate cursus a sit amet mauris. Morbi accumsan ipsum velit. Nam nec tellus a odio tincidunt auctor a ornare odio. Sed non mauris vitae erat consequat auctor eu in elit. Class aptent taciti sociosqu ad litora torquent per conubia nostra, per inceptos himenaeos. Mauris in erat justo. Nullam ac urna eu felis dapibus condimentum sit amet a augue. Sed non neque elit. Sed ut imperdiet nisi. Proin condimentum fermentum nunc. Etiam pharetra, erat sed fermentum feugiat, velit mauris egestas quam, ut aliquam massa nisl quis neque. Suspendisse in orci enim.', 6, 'IEJ', 'Rene Noel', '/tallerapp/images/asignaturas/no-foto.png', 8),
(99, 'INGLES II', 314, 'Proin gravida nibh vel velit auctor aliquet. Aenean sollicitudin, lorem quis bibendum auctor, nisi elit consequat ipsum, nec sagittis sem nibh id elit. Duis sed odio sit amet nibh vulputate cursus a sit amet mauris. Morbi accumsan ipsum velit. Nam nec tellus a odio tincidunt auctor a ornare odio. Sed non mauris vitae erat consequat auctor eu in elit. Class aptent taciti sociosqu ad litora torquent per conubia nostra, per inceptos himenaeos. Mauris in erat justo. Nullam ac urna eu felis dapibus condimentum sit amet a augue. Sed non neque elit. Sed ut imperdiet nisi. Proin condimentum fermentum nunc. Etiam pharetra, erat sed fermentum feugiat, velit mauris egestas quam, ut aliquam massa nisl quis neque. Suspendisse in orci enim.', 6, 'IEJ', 'Profesor Ingles', '/tallerapp/images/asignaturas/no-foto.png', NULL),
(100, 'TALLER DE BASES DE DATOS', 400, 'Proin gravida nibh vel velit auctor aliquet. Aenean sollicitudin, lorem quis bibendum auctor, nisi elit consequat ipsum, nec sagittis sem nibh id elit. Duis sed odio sit amet nibh vulputate cursus a sit amet mauris. Morbi accumsan ipsum velit. Nam nec tellus a odio tincidunt auctor a ornare odio. Sed non mauris vitae erat consequat auctor eu in elit. Class aptent taciti sociosqu ad litora torquent per conubia nostra, per inceptos himenaeos. Mauris in erat justo. Nullam ac urna eu felis dapibus condimentum sit amet a augue. Sed non neque elit. Sed ut imperdiet nisi. Proin condimentum fermentum nunc. Etiam pharetra, erat sed fermentum feugiat, velit mauris egestas quam, ut aliquam massa nisl quis neque. Suspendisse in orci enim.', 7, 'IEJ', 'Eliana Providel', '/tallerapp/images/asignaturas/tallerbd.png', 6),
(101, 'TALLER DE SISTEMAS OPERATIVOS', 401, 'Proin gravida nibh vel velit auctor aliquet. Aenean sollicitudin, lorem quis bibendum auctor, nisi elit consequat ipsum, nec sagittis sem nibh id elit. Duis sed odio sit amet nibh vulputate cursus a sit amet mauris. Morbi accumsan ipsum velit. Nam nec tellus a odio tincidunt auctor a ornare odio. Sed non mauris vitae erat consequat auctor eu in elit. Class aptent taciti sociosqu ad litora torquent per conubia nostra, per inceptos himenaeos. Mauris in erat justo. Nullam ac urna eu felis dapibus condimentum sit amet a augue. Sed non neque elit. Sed ut imperdiet nisi. Proin condimentum fermentum nunc. Etiam pharetra, erat sed fermentum feugiat, velit mauris egestas quam, ut aliquam massa nisl quis neque. Suspendisse in orci enim.', 7, 'IEJ', 'Gabriel Astudillo', '/tallerapp/images/asignaturas/teosisop.jpg', 4),
(102, 'TALLER DE REDES', 402, 'Proin gravida nibh vel velit auctor aliquet. Aenean sollicitudin, lorem quis bibendum auctor, nisi elit consequat ipsum, nec sagittis sem nibh id elit. Duis sed odio sit amet nibh vulputate cursus a sit amet mauris. Morbi accumsan ipsum velit. Nam nec tellus a odio tincidunt auctor a ornare odio. Sed non mauris vitae erat consequat auctor eu in elit. Class aptent taciti sociosqu ad litora torquent per conubia nostra, per inceptos himenaeos. Mauris in erat justo. Nullam ac urna eu felis dapibus condimentum sit amet a augue. Sed non neque elit. Sed ut imperdiet nisi. Proin condimentum fermentum nunc. Etiam pharetra, erat sed fermentum feugiat, velit mauris egestas quam, ut aliquam massa nisl quis neque. Suspendisse in orci enim.', 7, 'IEJ', 'Gabriel Astudillo', '/tallerapp/images/asignaturas/taller_redes.png', 4),
(103, 'METODOLOGIAS DE DISEÑO', 403, 'Proin gravida nibh vel velit auctor aliquet. Aenean sollicitudin, lorem quis bibendum auctor, nisi elit consequat ipsum, nec sagittis sem nibh id elit. Duis sed odio sit amet nibh vulputate cursus a sit amet mauris. Morbi accumsan ipsum velit. Nam nec tellus a odio tincidunt auctor a ornare odio. Sed non mauris vitae erat consequat auctor eu in elit. Class aptent taciti sociosqu ad litora torquent per conubia nostra, per inceptos himenaeos. Mauris in erat justo. Nullam ac urna eu felis dapibus condimentum sit amet a augue. Sed non neque elit. Sed ut imperdiet nisi. Proin condimentum fermentum nunc. Etiam pharetra, erat sed fermentum feugiat, velit mauris egestas quam, ut aliquam massa nisl quis neque. Suspendisse in orci enim.', 7, 'IEJ', 'Rene Noel', '/tallerapp/images/asignaturas/metododiseno.jpg', 8),
(104, 'ETICA Y LEGISLACION', 404, 'Proin gravida nibh vel velit auctor aliquet. Aenean sollicitudin, lorem quis bibendum auctor, nisi elit consequat ipsum, nec sagittis sem nibh id elit. Duis sed odio sit amet nibh vulputate cursus a sit amet mauris. Morbi accumsan ipsum velit. Nam nec tellus a odio tincidunt auctor a ornare odio. Sed non mauris vitae erat consequat auctor eu in elit. Class aptent taciti sociosqu ad litora torquent per conubia nostra, per inceptos himenaeos. Mauris in erat justo. Nullam ac urna eu felis dapibus condimentum sit amet a augue. Sed non neque elit. Sed ut imperdiet nisi. Proin condimentum fermentum nunc. Etiam pharetra, erat sed fermentum feugiat, velit mauris egestas quam, ut aliquam massa nisl quis neque. Suspendisse in orci enim.', 7, 'IEJ', 'Profesor Etica', '/tallerapp/images/asignaturas/etica.png', NULL),
(105, 'ARQUITECTURA DE SOFTWARE', 410, 'Proin gravida nibh vel velit auctor aliquet. Aenean sollicitudin, lorem quis bibendum auctor, nisi elit consequat ipsum, nec sagittis sem nibh id elit. Duis sed odio sit amet nibh vulputate cursus a sit amet mauris. Morbi accumsan ipsum velit. Nam nec tellus a odio tincidunt auctor a ornare odio. Sed non mauris vitae erat consequat auctor eu in elit. Class aptent taciti sociosqu ad litora torquent per conubia nostra, per inceptos himenaeos. Mauris in erat justo. Nullam ac urna eu felis dapibus condimentum sit amet a augue. Sed non neque elit. Sed ut imperdiet nisi. Proin condimentum fermentum nunc. Etiam pharetra, erat sed fermentum feugiat, velit mauris egestas quam, ut aliquam massa nisl quis neque. Suspendisse in orci enim.', 8, 'IEJ', 'Carlos Becerra', '/tallerapp/images/asignaturas/arqsoftware.png', 5),
(106, 'SEMINARIO DE TITULO (IEJ)', 411, 'Proin gravida nibh vel velit auctor aliquet. Aenean sollicitudin, lorem quis bibendum auctor, nisi elit consequat ipsum, nec sagittis sem nibh id elit. Duis sed odio sit amet nibh vulputate cursus a sit amet mauris. Morbi accumsan ipsum velit. Nam nec tellus a odio tincidunt auctor a ornare odio. Sed non mauris vitae erat consequat auctor eu in elit. Class aptent taciti sociosqu ad litora torquent per conubia nostra, per inceptos himenaeos. Mauris in erat justo. Nullam ac urna eu felis dapibus condimentum sit amet a augue. Sed non neque elit. Sed ut imperdiet nisi. Proin condimentum fermentum nunc. Etiam pharetra, erat sed fermentum feugiat, velit mauris egestas quam, ut aliquam massa nisl quis neque. Suspendisse in orci enim.', 8, 'IEJ', 'Profesores DECOM', '/tallerapp/images/asignaturas/tesis1.jpg', 0);

-- -----------------------------------------------------
-- Table `tallerapp`.`requisito`
-- -----------------------------------------------------
DROP TABLE IF EXISTS `tallerapp`.`requisito` ;

CREATE TABLE IF NOT EXISTS `tallerapp`.`requisito` (
  `cod_malla` VARCHAR(6) NOT NULL,
  `numero` INT(3) NOT NULL,
  PRIMARY KEY (`cod_malla`))
ENGINE = InnoDB
DEFAULT CHARACTER SET = utf8;

INSERT INTO `requisito` (`cod_malla`, `numero`) VALUES
('IEJ301', 301),
('IEJ302', 302),
('IEJ303', 303),
('IEJ304', 304),
('IEJ310', 310),
('IEJ311', 311),
('IEJ313', 313),
('IEJ400', 400),
('IEJ401', 401),
('IEJ402', 402),
('IEJ403', 403),
('IEJ404', 404),
('IIN303', 303),
('IIN304', 304),
('IIN305', 305),
('IIN311', 311),
('IIN312', 312),
('IIN313', 313),
('IIN314', 314),
('IIN400', 400),
('IIN401', 401),
('IIN402', 402),
('IIN403', 403),
('IIN404', 404),
('IIN410', 410),
('IIN411', 411),
('IIN412', 412),
('IIN413', 413),
('IIN414', 414),
('IIN502', 502),
('INC100', 100),
('INC101', 101),
('INC102', 102),
('INC103', 103),
('INC104', 104),
('INC110', 110),
('INC111', 111),
('INC112', 112),
('INC113', 113),
('INC114', 114),
('INC200', 200),
('INC201', 201),
('INC202', 202),
('INC203', 203),
('INC204', 204),
('INC205', 205),
('INC210', 210),
('INC211', 211),
('INC212', 212),
('INC213', 213),
('INC214', 214),
('INC215', 215),
('INC300', 300),
('INC301', 301),
('INC302', 302),
('INC303', 303),
('INC304', 304),
('INC305', 305),
('INC310', 310),
('INC311', 311),
('INC312', 312),
('INC313', 313),
('INC314', 314),
('INC315', 315),
('INC400', 400),
('INC401', 401),
('INC402', 402),
('INC403', 403),
('INC404', 404),
('INC405', 405),
('INC410', 410),
('INC411', 411),
('INC412', 412),
('INC413', 413),
('INC414', 414),
('INC415', 415),
('INC500', 500),
('INC501', 501),
('INC502', 502),
('INC503', 503),
('INC504', 504),
('INC505', 505),
('INC510', 510),
('INC511', 511),
('INC512', 512),
('INC513', 513),
('INC514', 514),
('INC515', 515),
('INC601', 601);


-- -----------------------------------------------------
-- Table `tallerapp`.`asignatura_has_requisito`
-- -----------------------------------------------------
DROP TABLE IF EXISTS `tallerapp`.`asignatura_has_requisito` ;

CREATE TABLE IF NOT EXISTS `tallerapp`.`asignatura_has_requisito` (
  `asignatura_id` INT(11) NOT NULL,
  `requisito_cod_malla` VARCHAR(200) NOT NULL,
  PRIMARY KEY (`asignatura_id`, `requisito_cod_malla`),
  INDEX `fk_asignatura_has_requisito_requisito1_idx` (`asignatura_id` ASC),
  INDEX `fk_asignatura_has_requisito_asignatura1_idx` (`requisito_cod_malla` ASC),
  CONSTRAINT `fk_asignatura_has_requisito_asignatura1`
    FOREIGN KEY (`asignatura_id`)
    REFERENCES `tallerapp`.`asignatura` (`id`)
    ON DELETE NO ACTION
    ON UPDATE NO ACTION,
  CONSTRAINT `fk_asignatura_has_requisito_requisito1`
    FOREIGN KEY (`requisito_cod_malla`)
    REFERENCES `tallerapp`.`requisito` (`cod_malla`)
    ON DELETE NO ACTION
    ON UPDATE NO ACTION)
ENGINE = InnoDB
DEFAULT CHARACTER SET = utf8;

INSERT INTO `asignatura_has_requisito` (`asignatura_id`, `requisito_cod_malla`) VALUES
(5, 'INC100'),
(5, 'INC101'),
(6, 'INC100'),
(6, 'INC101'),
(7, 'INC102'),
(8, 'INC100'),
(9, 'INC103'),
(10, 'INC110'),
(11, 'INC111'),
(12, 'INC112'),
(13, 'INC113'),
(14, 'INC100'),
(14, 'INC102'),
(16, 'INC100'),
(17, 'INC202'),
(17, 'INC204'),
(18, 'INC203'),
(19, 'INC110'),
(19, 'INC204'),
(20, 'INC100'),
(22, 'INC201'),
(23, 'INC200'),
(23, 'INC201'),
(24, 'INC211'),
(25, 'INC202'),
(25, 'INC212'),
(26, 'INC213'),
(28, 'INC201'),
(29, 'INC211'),
(30, 'INC303'),
(31, 'INC304'),
(32, 'INC214'),
(32, 'INC304'),
(33, 'INC305'),
(34, 'INC301'),
(35, 'INC304'),
(36, 'INC211'),
(36, 'INC304'),
(37, 'INC303'),
(38, 'INC313'),
(39, 'INC315'),
(40, 'INC213'),
(41, 'INC211'),
(41, 'INC401'),
(42, 'INC402'),
(43, 'INC404'),
(44, 'INC314'),
(45, 'INC302'),
(46, 'INC404'),
(47, 'INC104'),
(47, 'INC114'),
(47, 'INC205'),
(47, 'INC210'),
(47, 'INC215'),
(47, 'INC300'),
(47, 'INC310'),
(47, 'INC311'),
(47, 'INC312'),
(47, 'INC400'),
(47, 'INC403'),
(47, 'INC405'),
(47, 'INC410'),
(47, 'INC411'),
(47, 'INC412'),
(47, 'INC413'),
(47, 'INC414'),
(47, 'INC415'),
(48, 'INC104'),
(48, 'INC114'),
(48, 'INC205'),
(48, 'INC210'),
(48, 'INC215'),
(48, 'INC300'),
(48, 'INC310'),
(48, 'INC311'),
(48, 'INC312'),
(48, 'INC400'),
(48, 'INC403'),
(48, 'INC405'),
(48, 'INC410'),
(48, 'INC411'),
(48, 'INC412'),
(48, 'INC413'),
(48, 'INC414'),
(48, 'INC415'),
(49, 'INC312'),
(50, 'INC413'),
(50, 'INC414'),
(51, 'INC310'),
(52, 'INC314'),
(53, 'INC501'),
(54, 'INC500'),
(54, 'INC501'),
(54, 'INC502'),
(54, 'INC503'),
(54, 'INC504'),
(54, 'INC505'),
(55, 'INC302'),
(55, 'INC310'),
(55, 'INC311'),
(56, 'INC500'),
(56, 'INC504'),
(57, 'INC310'),
(58, 'INC510'),
(58, 'INC511'),
(58, 'INC512'),
(58, 'INC513'),
(58, 'INC514'),
(58, 'INC515'),
(59, 'INC510'),
(59, 'INC511'),
(59, 'INC512'),
(59, 'INC513'),
(59, 'INC514'),
(59, 'INC515'),
(62, 'INC601'),
(63, 'INC201'),
(64, 'INC200'),
(64, 'INC201'),
(65, 'INC211'),
(66, 'INC202'),
(66, 'INC212'),
(67, 'INC213'),
(69, 'INC201'),
(70, 'IIN303'),
(71, 'IIN304'),
(72, 'IIN304'),
(72, 'INC214'),
(73, 'IIN305'),
(74, 'IIN304'),
(75, 'IIN304'),
(75, 'INC211'),
(76, 'IIN303'),
(77, 'IIN312'),
(78, 'IIN314'),
(79, 'IIN403'),
(80, 'IIN400'),
(80, 'INC211'),
(81, 'IIN401'),
(82, 'IIN403'),
(83, 'IIN313'),
(84, 'IIN311'),
(85, 'IIN412'),
(86, 'IIN402'),
(86, 'IIN404'),
(86, 'IIN410'),
(86, 'IIN411'),
(86, 'IIN412'),
(86, 'IIN413'),
(86, 'IIN414'),
(89, 'IIN502'),
(90, 'INC201'),
(91, 'INC211'),
(92, 'INC202'),
(92, 'INC212'),
(93, 'INC213'),
(95, 'IEJ301'),
(96, 'IEJ302'),
(97, 'IEJ303'),
(97, 'INC211'),
(98, 'IEJ303'),
(99, 'IEJ304'),
(100, 'IEJ310'),
(101, 'IEJ302'),
(102, 'IEJ311'),
(103, 'IEJ313'),
(105, 'IEJ403'),
(106, 'IEJ400'),
(106, 'IEJ401'),
(106, 'IEJ402'),
(106, 'IEJ403'),
(106, 'IEJ404');

-- -----------------------------------------------------
-- Table `tallerapp`.`mencion`
-- -----------------------------------------------------
DROP TABLE IF EXISTS `tallerapp`.`mencion` ;

CREATE TABLE IF NOT EXISTS `tallerapp`.`mencion` (
  `idMencion` VARCHAR(3) NOT NULL,
  `nombre` VARCHAR(200) NOT NULL,
  `descrip` TEXT NOT NULL,
  `malla_idMalla` VARCHAR(3) NOT NULL,
  PRIMARY KEY (`idMencion`),
  INDEX `fk_mencion_malla1_idx` (`malla_idMalla` ASC),
  CONSTRAINT `fk_mencion_malla1`
    FOREIGN KEY (`malla_idMalla`)
    REFERENCES `tallerapp`.`malla` (`idMalla`)
    ON DELETE NO ACTION
    ON UPDATE NO ACTION)
ENGINE = InnoDB
DEFAULT CHARACTER SET = utf8;

INSERT INTO `mencion` (`idMencion`, `nombre`, `descrip`, `malla_idMalla`) VALUES
('BD', 'MENCION DE BASE DE DATOS', 'Proin gravida nibh vel velit auctor aliquet. Aenean sollicitudin, lorem quis bibendum auctor, nisi elit consequat ipsum, nec sagittis sem nibh id elit. Duis sed odio sit amet nibh vulputate cursus a sit amet mauris. Morbi accumsan ipsum velit. Nam nec tellus a odio tincidunt auctor a ornare odio. Sed non  mauris vitae erat consequat auctor eu in elit. Class aptent taciti sociosqu ad litora torquent per conubia nostra, per inceptos himenaeos. Mauris in erat justo. Nullam ac urna eu felis dapibus condimentum sit amet a augue. Sed non neque elit. Sed ut imperdiet nisi. Proin condimentum fermentum nunc. Etiam pharetra, erat sed fermentum feugiat, velit mauris egestas quam, ut aliquam massa nisl quis neque. Suspendisse in orci enim.', 'INC'),
('RED', 'MENCION DE REDES', 'bus condimentum sit amet a augue. Sed non neque elit. Sed ut imperdiet nisi. Proin condimentum fermentum nunc. Etiam pharetra, erat sed fermentum feugiat, velit mauris egestas quam, ut aliquam massa nisl quis neque. Suspendisse in orci enim.', 'INC'),
('SOF', 'MENCION DE SOFTWARE', 'Proin gravida nibh vel velit auctor aliquet. Aenean sollicitudin, lorem quis bibendum auctor, nisi elit consequat ipsum, nec sagittis sem nibh id elit. Duis sed odio sit amet nibh vulputate cursus a sit amet mauris. Morbi accumsan ipsum velit. Nam nec tellus a odio tincidunt auctor a ornare odio. Sed non  mauris vitae erat consequat auctor eu in elit. Class aptent taciti sociosqu ad litora torquent per conubia nostra, per inceptos himenaeos. Mauris in erat justo. Nullam ac urna eu felis dapibus condimentum sit amet a augue. Sed non neque elit. Sed ut imperdiet nisi. Proin condimentum fermentum nunc. Etiam pharetra, erat sed fermentum feugiat, velit mauris egestas quam, ut aliquam massa nisl quis neque. Suspendisse in orci enim.', 'INC');

-- -----------------------------------------------------
-- Table `tallerapp`.`asig_mencion`
-- -----------------------------------------------------
DROP TABLE IF EXISTS `tallerapp`.`asig_mencion` ;

CREATE TABLE IF NOT EXISTS `tallerapp`.`asig_mencion` (
  `profesor` VARCHAR(100) NOT NULL,
  `descripcion_corta` TEXT NOT NULL,
  `descripcion_larga` LONGTEXT NOT NULL,
  `url_imagen` VARCHAR(200) NOT NULL,
  `mencion_idMencion` VARCHAR(3) NOT NULL,
  `nombre` VARCHAR(50) NOT NULL,
  `idCodigo` VARCHAR(6) NOT NULL,
  `estado` VARCHAR(20) NOT NULL,
  `academico_idacademico` INT(11) NULL DEFAULT NULL,
  PRIMARY KEY (`nombre`),
  INDEX `fk_asig_mencion_mencion1_idx` (`mencion_idMencion` ASC),
  INDEX `fk_asig_mencion_academico1_idx` (`academico_idacademico` ASC),
  CONSTRAINT `fk_asig_mencion_academico1`
    FOREIGN KEY (`academico_idacademico`)
    REFERENCES `tallerapp`.`academico` (`idacademico`)
    ON DELETE NO ACTION
    ON UPDATE NO ACTION,
  CONSTRAINT `fk_asig_mencion_mencion1`
    FOREIGN KEY (`mencion_idMencion`)
    REFERENCES `tallerapp`.`mencion` (`idMencion`)
    ON DELETE NO ACTION
    ON UPDATE NO ACTION)
ENGINE = InnoDB
DEFAULT CHARACTER SET = utf8;

INSERT INTO `asig_mencion` (`profesor`, `descripcion_corta`, `descripcion_larga`, `url_imagen`, `mencion_idMencion`, `nombre`, `idCodigo`, `estado`, `academico_idacademico`) VALUES
('Marco Aravena', 'Asignatura Electiva de Especialidad I', 'Lorem ipsum dolor sit amet, consectetur adipiscing elit, sed do eiusmod tempor incididunt ut labore et dolore magna aliqua. Ut enim ad minim veniam, quis nostrud exercitation ullamco laboris nisi ut aliquip ex ea commodo consequat. Duis aute irure dolor in reprehenderit in voluptate velit esse cillum dolore eu fugiat nulla pariatur. Excepteur sint occaecat cupidatat non proident, sunt in culpa qui officia deserunt mollit anim id est laborum.', '/tallerapp/images/asignaturas/alegebra_elemental.jpg', 'RED', 'Administracion de Sistemas', 'INC502', 'Visible', 1),
('Carlos Becerra', 'Seminario de Especialidad I', 'Lorem ipsum dolor sit amet, consectetur adipiscing elit, sed do eiusmod tempor incididunt ut labore et dolore magna aliqua. Ut enim ad minim veniam, quis nostrud exercitation ullamco laboris nisi ut aliquip ex ea commodo consequat. Duis aute irure dolor in reprehenderit in voluptate velit esse cillum dolore eu fugiat nulla pariatur. Excepteur sint occaecat cupidatat non proident, sunt in culpa qui officia deserunt mollit anim id est laborum.', '/tallerapp/images/asignaturas/no-foto.png', 'SOF', 'Bibliotecas Digitales', 'INC501', 'Visible', 5),
('Rene Noel', 'Asignatura Electiva de Especialidad I', 'Lorem ipsum dolor sit amet, consectetur adipiscing elit, sed do eiusmod tempor incididunt ut labore et dolore magna aliqua. Ut enim ad minim veniam, quis nostrud exercitation ullamco laboris nisi ut aliquip ex ea commodo consequat. Duis aute irure dolor in reprehenderit in voluptate velit esse cillum dolore eu fugiat nulla pariatur. Excepteur sint occaecat cupidatat non proident, sunt in culpa qui officia deserunt mollit anim id est laborum.', '/tallerapp/images/asignaturas/calidadsw.png', 'SOF', 'Calidad de Software', 'INC502', 'Visible', 8),
('Pablo Perez', 'Asignatura Electiva de Especialidad II', 'Lorem ipsum dolor sit amet, consectetur adipiscing elit, sed do eiusmod tempor incididunt ut labore et dolore magna aliqua. Ut enim ad minim veniam, quis nostrud exercitation ullamco laboris nisi ut aliquip ex ea commodo consequat. Duis aute irure dolor in reprehenderit in voluptate velit esse cillum dolore eu fugiat nulla pariatur. Excepteur sint occaecat cupidatat non proident, sunt in culpa qui officia deserunt mollit anim id est laborum.', '/tallerapp/images/asignaturas/estructura_avanzada.png', 'BD', 'Estructura de Datos Avanzada', 'INC512', 'Visible', 7),
('Eliana Providel', 'Seminario de Especialidad II', 'Lorem ipsum dolor sit amet, consectetur adipiscing elit, sed do eiusmod tempor incididunt ut labore et dolore magna aliqua. Ut enim ad minim veniam, quis nostrud exercitation ullamco laboris nisi ut aliquip ex ea commodo consequat. Duis aute irure dolor in reprehenderit in voluptate velit esse cillum dolore eu fugiat nulla pariatur. Excepteur sint occaecat cupidatat non proident, sunt in culpa qui officia deserunt mollit anim id est laborum.', '/tallerapp/images/asignaturas/mineria_datos.png', 'BD', 'Mineria de Datos', 'INC511', 'Visible', 6),
('Marta Barria', 'Asignatura Electiva de Especialidad II', 'Lorem ipsum dolor sit amet, consectetur adipiscing elit, sed do eiusmod tempor incididunt ut labore et dolore magna aliqua. Ut enim ad minim veniam, quis nostrud exercitation ullamco laboris nisi ut aliquip ex ea commodo consequat. Duis aute irure dolor in reprehenderit in voluptate velit esse cillum dolore eu fugiat nulla pariatur. Excepteur sint occaecat cupidatat non proident, sunt in culpa qui officia deserunt mollit anim id est laborum.', '/tallerapp/images/asignaturas/qos.png', 'RED', 'QoS', 'INC512', 'Visible', 0),
('Eliana Providel', 'Asignatura Electiva de Especialidad I', 'Lorem ipsum dolor sit amet, consectetur adipiscing elit, sed do eiusmod tempor incididunt ut labore et dolore magna aliqua. Ut enim ad minim veniam, quis nostrud exercitation ullamco laboris nisi ut aliquip ex ea commodo consequat. Duis aute irure dolor in reprehenderit in voluptate velit esse cillum dolore eu fugiat nulla pariatur. Excepteur sint occaecat cupidatat non proident, sunt in culpa qui officia deserunt mollit anim id est laborum.', '/tallerapp/images/asignaturas/no-foto.png', 'BD', 'Recuperacion de Informacion', 'INC502', 'Visible', 6),
('Cristian Carrion', 'Asignatura Electiva de Especialidad III', 'Lorem ipsum dolor sit amet, consectetur adipiscing elit, sed do eiusmod tempor incididunt ut labore et dolore magna aliqua. Ut enim ad minim veniam, quis nostrud exercitation ullamco laboris nisi ut aliquip ex ea commodo consequat. Duis aute irure dolor in reprehenderit in voluptate velit esse cillum dolore eu fugiat nulla pariatur. Excepteur sint occaecat cupidatat non proident, sunt in culpa qui officia deserunt mollit anim id est laborum.', '/tallerapp/images/asignaturas/sistema_seguridad.png', 'RED', 'Sistemas de Seguridad', 'INC600', 'Visible', 9),
('Roberto Mu&ntilde;oz', 'Asignatura Electiva de Especialidad III', 'Lorem ipsum dolor sit amet, consectetur adipiscing elit, sed do eiusmod tempor incididunt ut labore et dolore magna aliqua. Ut enim ad minim veniam, quis nostrud exercitation ullamco laboris nisi ut aliquip ex ea commodo consequat. Duis aute irure dolor in reprehenderit in voluptate velit esse cillum dolore eu fugiat nulla pariatur. Excepteur sint occaecat cupidatat non proident, sunt in culpa qui officia deserunt mollit anim id est laborum.', '/tallerapp/images/asignaturas/accesibilidadweb.png', 'SOF', 'Taller de Accesibilidad Web', 'INC600', 'Visible', 3),
('Eliana Providel', 'Seminario de Especialidad I', 'Lorem ipsum dolor sit amet, consectetur adipiscing elit, sed do eiusmod tempor incididunt ut labore et dolore magna aliqua. Ut enim ad minim veniam, quis nostrud exercitation ullamco laboris nisi ut aliquip ex ea commodo consequat. Duis aute irure dolor in reprehenderit in voluptate velit esse cillum dolore eu fugiat nulla pariatur. Excepteur sint occaecat cupidatat non proident, sunt in culpa qui officia deserunt mollit anim id est laborum.', '/tallerapp/images/asignaturas/tallerbd.png', 'BD', 'Taller de Base de Datos', 'INC501', 'Visible', 6),
('Rene Noel', 'Asignatura Electiva de Especialidad II', 'Lorem ipsum dolor sit amet, consectetur adipiscing elit, sed do eiusmod tempor incididunt ut labore et dolore magna aliqua. Ut enim ad minim veniam, quis nostrud exercitation ullamco laboris nisi ut aliquip ex ea commodo consequat. Duis aute irure dolor in reprehenderit in voluptate velit esse cillum dolore eu fugiat nulla pariatur. Excepteur sint occaecat cupidatat non proident, sunt in culpa qui officia deserunt mollit anim id est laborum.', '/tallerapp/images/asignaturas/emprendimiento.png', 'SOF', 'Taller de Emprendimiento', 'INC512', 'Visible', 8),
('Gabriel Astudillo', 'Seminario de Especialidad I', 'Lorem ipsum dolor sit amet, consectetur adipiscing elit, sed do eiusmod tempor incididunt ut labore et dolore magna aliqua. Ut enim ad minim veniam, quis nostrud exercitation ullamco laboris nisi ut aliquip ex ea commodo consequat. Duis aute irure dolor in reprehenderit in voluptate velit esse cillum dolore eu fugiat nulla pariatur. Excepteur sint occaecat cupidatat non proident, sunt in culpa qui officia deserunt mollit anim id est laborum.', '/tallerapp/images/asignaturas/taller_redes.png', 'RED', 'Taller de Redes', 'INC501', 'Visible', 4),
('Marco Aravena', 'Seminario de Especialidad II', 'Lorem ipsum dolor sit amet, consectetur adipiscing elit, sed do eiusmod tempor incididunt ut labore et dolore magna aliqua. Ut enim ad minim veniam, quis nostrud exercitation ullamco laboris nisi ut aliquip ex ea commodo consequat. Duis aute irure dolor in reprehenderit in voluptate velit esse cillum dolore eu fugiat nulla pariatur. Excepteur sint occaecat cupidatat non proident, sunt in culpa qui officia deserunt mollit anim id est laborum.', '/tallerapp/images/asignaturas/tcpip.png', 'RED', 'TCP/IP', 'INC511', 'Visible', 1),
('Carla Tamarasco', 'Asignatura Electiva de Especialidad III', 'Lorem ipsum dolor sit amet, consectetur adipiscing elit, sed do eiusmod tempor incididunt ut labore et dolore magna aliqua. Ut enim ad minim veniam, quis nostrud exercitation ullamco laboris nisi ut aliquip ex ea commodo consequat. Duis aute irure dolor in reprehenderit in voluptate velit esse cillum dolore eu fugiat nulla pariatur. Excepteur sint occaecat cupidatat non proident, sunt in culpa qui officia deserunt mollit anim id est laborum.', '/tallerapp/images/asignaturas/redes_complejas.png', 'BD', 'Teoria de Redes Complejas', 'INC600', 'Visible', 2);

-- -----------------------------------------------------
-- Table `tallerapp`.`ayudante`
-- -----------------------------------------------------
DROP TABLE IF EXISTS `tallerapp`.`ayudante` ;

CREATE TABLE IF NOT EXISTS `tallerapp`.`ayudante` (
  `idayudante` INT(11) NOT NULL AUTO_INCREMENT,
  `nombre` VARCHAR(100) NOT NULL,
  `correo` VARCHAR(50) NOT NULL,
  `urlFoto` VARCHAR(100) NOT NULL,
  `estado` INT(11) NOT NULL,
  PRIMARY KEY (`idayudante`))
ENGINE = InnoDB
AUTO_INCREMENT = 11
DEFAULT CHARACTER SET = utf8;

INSERT INTO `ayudante` (`idayudante`, `nombre`, `correo`, `urlFoto`, `estado`) VALUES
(1, 'Jorge Garin Roman', 'jorge.garinr@alumnos.uv.cl', '/tallerapp/images/personas/jgarin.jpg', 1),
(2, 'Victor Monsalve', 'correo@alumnos.uv.cl', '/tallerapp/images/personas/vmonsalve.jpg', 1),
(3, 'Pablo Gonzalez', 'correo@alumnos.uv.cl', '/tallerapp/images/personas/pgonzalez.jpg', 1),
(4, 'Jose Cuevas', 'correo@alumnos.uv.cl', '/tallerapp/images/personas/jcuevas.jpg', 1),
(5, 'Juan Carlos Tapia', 'correo@alumnos.uv.cl', '/tallerapp/images/personas/jtapia.jpg', 1),
(6, 'Jonathan Araya', 'correo@alumnos.uv.cl', '/tallerapp/images/personas/jaraya.png', 1),
(7, 'Alfonso Prado', 'correo@alumnos.uv.cl', '/tallerapp/images/personas/aprado.jpg', 1),
(8, 'Marcelo verdugo', 'correo@alumnos.uv.cl', '/tallerapp/images/personas/mverdugo.png', 1),
(9, 'Camilo Ravelo', 'correo@alumnos.uv.cl', '/tallerapp/images/personas/cravelo.jpg', 1),
(10, 'Alexis Reyes', 'correo@alumnos.uv.cl', '/tallerapp/images/personas/areyes.jpg', 1);

-- -----------------------------------------------------
-- Table `tallerapp`.`descargas`
-- -----------------------------------------------------
DROP TABLE IF EXISTS `tallerapp`.`descargas` ;

CREATE TABLE IF NOT EXISTS `tallerapp`.`descargas` (
  `idDescargas` INT(11) NOT NULL AUTO_INCREMENT,
  `titulo` VARCHAR(200) NOT NULL,
  `url` VARCHAR(300) NOT NULL,
  `abstract` TEXT NULL DEFAULT NULL,
  `anio` INT(4) NOT NULL,
  `estado` INT(11) NOT NULL,
  `idCodigo` VARCHAR(6) NOT NULL,
  `autor` VARCHAR(100) NULL DEFAULT NULL,
  `nombre` VARCHAR(100) NOT NULL,
  PRIMARY KEY (`idDescargas`))
ENGINE = InnoDB
AUTO_INCREMENT = 46
DEFAULT CHARACTER SET = utf8;

INSERT INTO `descargas` (`idDescargas`, `titulo`, `url`, `abstract`, `anio`, `estado`, `idCodigo`, `autor`, `nombre`) VALUES
(29, '59406824-RESUMEN-COMPLETO-MANKIW', '../static/documentos/2014/59406824-RESUMEN-COMPLETO-MANKIW.pdf', 'comentario 1', 2014, 1, 'inc100', 'autor 1', 'ALGEBRA ELEMENTAL'),
(33, 'hola', '../static/documentos/2013/hola.pdf', 'comentario oj', 2013, 1, 'inc100', 'autor 4', 'ALGEBRA ELEMENTAL'),
(34, 'hola', '../static/documentos/2013/hola.pdf', 'comentario oj', 2012, 1, 'inc100', 'autor 5', 'ALGEBRA ELEMENTAL'),
(35, 'Aliens Colonial Marines pulento', '../static/documentos/2014/Aliens Colonial Marines.txt', 'comentario comentario comentario', 2014, 1, 'inc100', 'ola ke ase', 'ALGEBRA ELEMENTAL'),
(37, 'entrega 3 - final', '../static/documentos/2014/entrega 3 - final.doc', 'ejale', 2014, 1, 'inc100', 'ejale Es terrible pulento', 'ALGEBRA ELEMENTAL'),
(38, 'Contactos Ayudantes', '../static/documentos/2014/Contactos Ayudantes.pdf', 'Sin Comentarios', 2014, 0, 'inc100', 'Sin Autor', 'ALGEBRA ELEMENTAL'),
(39, 'CV - Jorge Garin Roman', '../static/documentos/2014/CV - Jorge Garin Roman.pdf', 'autor 1', 2014, 0, 'inc100', 'comentario 1', 'ALGEBRA ELEMENTAL'),
(40, 'logoUV', '../static/documentos/2014/logoUV.png', 'Sin Comentarios', 2014, 1, 'inc100', 'Sin Autor', 'ALGEBRA ELEMENTAL'),
(41, 'kit-arduino-uno-v30-19946-MLC20181545367_102014-F', '../static/documentos/2014/kit-arduino-uno-v30-19946-MLC20181545367_102014-F.jpg', 'Sin Comentarios', 2014, 1, 'inc100', 'Sin Autor', 'ALGEBRA ELEMENTAL'),
(42, 'Transferencias de Fondos a Terceros', '../static/documentos/2014/Transferencias de Fondos a Terceros.pdf', 'Sin Comentarios', 2014, 1, 'inc412', 'Sin Autor', 'SISTEMAS DE BASES DE DATOS'),
(43, 'Economia', '../static/documentos/2014/Economia.xlsx', 'Sin Comentarios', 2014, 0, 'iin412', 'Sin Autor', 'SISTEMAS DE BASES DE DATOS'),
(44, 'HORARIOS LABORATORIOS', '../static/documentos/2014/HORARIOS LABORATORIOS.xlsx', 'Sin Comentarios', 2014, 0, 'iej310', 'Sin Autor', 'SISTEMAS DE BASES DE DATOS'),
(45, 'tumblr_nfk05pF6ty1r88u00o1_500', '../static/documentos/2014/tumblr_nfk05pF6ty1r88u00o1_500.jpg', 'Sin Comentarios', 2014, 0, 'inc102', 'Sin Autor', 'FUNDAMENTOS DE PROGRAMACION');

-- -----------------------------------------------------
-- Table `tallerapp`.`malla_has_semestre`
-- -----------------------------------------------------
DROP TABLE IF EXISTS `tallerapp`.`malla_has_semestre` ;

CREATE TABLE IF NOT EXISTS `tallerapp`.`malla_has_semestre` (
  `malla_idMalla` VARCHAR(3) NOT NULL,
  `semestre_semestre` INT(2) NOT NULL,
  PRIMARY KEY (`malla_idMalla`, `semestre_semestre`),
  INDEX `fk_malla_has_semestre_semestre1_idx` (`semestre_semestre` ASC),
  INDEX `fk_malla_has_semestre_malla1_idx` (`malla_idMalla` ASC),
  CONSTRAINT `fk_malla_has_semestre_malla1`
    FOREIGN KEY (`malla_idMalla`)
    REFERENCES `tallerapp`.`malla` (`idMalla`)
    ON DELETE NO ACTION
    ON UPDATE NO ACTION,
  CONSTRAINT `fk_malla_has_semestre_semestre1`
    FOREIGN KEY (`semestre_semestre`)
    REFERENCES `tallerapp`.`semestre` (`semestre`)
    ON DELETE NO ACTION
    ON UPDATE NO ACTION)
ENGINE = InnoDB
DEFAULT CHARACTER SET = utf8;


-- -----------------------------------------------------
-- Table `tallerapp`.`relacion`
-- -----------------------------------------------------
DROP TABLE IF EXISTS `tallerapp`.`relacion` ;

CREATE TABLE IF NOT EXISTS `tallerapp`.`relacion` (
  `cod_malla` VARCHAR(6) NOT NULL,
  `numero` INT(3) NOT NULL,
  PRIMARY KEY (`cod_malla`))
ENGINE = InnoDB
AUTO_INCREMENT = 12
DEFAULT CHARACTER SET = utf8;

INSERT INTO `relacion` (`cod_malla`, `numero`) VALUES
('IEJ300', 300),
('IEJ301', 301),
('IEJ302', 302),
('IEJ303', 303),
('IEJ304', 304),
('IEJ310', 310),
('IEJ311', 311),
('IEJ312', 312),
('IEJ313', 313),
('IEJ314', 314),
('IEJ400', 400),
('IEJ401', 401),
('IEJ402', 402),
('IEJ403', 403),
('IEJ404', 404),
('IEJ410', 410),
('IEJ411', 411),
('IIN300', 300),
('IIN301', 301),
('IIN302', 302),
('IIN303', 303),
('IIN304', 304),
('IIN305', 305),
('IIN310', 310),
('IIN311', 311),
('IIN312', 312),
('IIN313', 313),
('IIN314', 314),
('IIN400', 400),
('IIN401', 401),
('IIN402', 402),
('IIN403', 403),
('IIN404', 404),
('IIN410', 410),
('IIN411', 411),
('IIN412', 412),
('IIN413', 413),
('IIN414', 414),
('IIN500', 500),
('IIN501', 501),
('IIN502', 502),
('IIN503', 503),
('IIN510', 510),
('IIN511', 511),
('INC100', 100),
('INC101', 101),
('INC102', 102),
('INC103', 103),
('INC104', 104),
('INC110', 110),
('INC111', 111),
('INC112', 112),
('INC113', 113),
('INC114', 114),
('INC200', 200),
('INC201', 201),
('INC202', 202),
('INC203', 203),
('INC204', 204),
('INC205', 205),
('INC210', 210),
('INC211', 211),
('INC212', 212),
('INC213', 213),
('INC214', 214),
('INC215', 215),
('INC300', 300),
('INC301', 301),
('INC302', 302),
('INC303', 303),
('INC304', 304),
('INC305', 305),
('INC310', 310),
('INC311', 311),
('INC312', 312),
('INC313', 313),
('INC314', 314),
('INC315', 315),
('INC400', 400),
('INC401', 401),
('INC402', 402),
('INC403', 403),
('INC404', 404),
('INC405', 405),
('INC410', 410),
('INC411', 411),
('INC412', 412),
('INC413', 413),
('INC414', 414),
('INC415', 415),
('INC500', 500),
('INC501', 501),
('INC502', 502),
('INC503', 503),
('INC504', 504),
('INC505', 505),
('INC510', 510),
('INC511', 511),
('INC512', 512),
('INC513', 513),
('INC514', 514),
('INC515', 515),
('INC600', 600),
('INC601', 601),
('INC602', 602),
('INC610', 610),
('INC611', 611);

-- -----------------------------------------------------
-- Table `tallerapp`.`titulo`
-- -----------------------------------------------------
DROP TABLE IF EXISTS `tallerapp`.`titulo` ;

CREATE TABLE IF NOT EXISTS `tallerapp`.`titulo` (
  `idtitulo` INT(11) NOT NULL AUTO_INCREMENT,
  `titulo` VARCHAR(100) NOT NULL,
  `academico_idacademico` INT(11) NOT NULL,
  PRIMARY KEY (`idtitulo`),
  INDEX `fk_titulo_academico1_idx` (`academico_idacademico` ASC),
  CONSTRAINT `fk_titulo_academico1`
    FOREIGN KEY (`academico_idacademico`)
    REFERENCES `tallerapp`.`academico` (`idacademico`)
    ON DELETE NO ACTION
    ON UPDATE NO ACTION)
ENGINE = InnoDB
AUTO_INCREMENT = 33
DEFAULT CHARACTER SET = utf8;

INSERT INTO `titulo` (`idtitulo`, `titulo`, `academico_idacademico`) VALUES
(1, 'Doctora en Informática - PUC - Brasil', 0),
(2, 'Magister en Ciencias de la Computación', 0),
(3, 'Ingeniero Civil - UTFSM (1982) - Chile', 0),
(5, 'Magíster en Ciencas de la Ingeniería Electronica - UTFSM (2005) - Chile', 1),
(6, 'Ingeniero Civil Electrónico - UTFSM (1997) - Chile', 1),
(7, 'Post Doctorado - CNRS, CAMS/Ecole d''Hautes Etudes en Sciences Sociales (2012-2013)', 2),
(8, 'Post Doctorado - CNRS, CREA/Ecole Polytechnique, Francia (2011-2012)', 2),
(9, 'Doctora en Sistemas Complejos, Ecole Polytechnique, Francia (2011)', 2),
(10, 'Master en Ciencias Cognitivas, Ecole Normale Supérieure, Francia (2006)', 2),
(11, 'Ingeniero Informática Aplicada, Universidad de Valparaíso, Chile (2002)', 2),
(12, 'Magíster en Ingenería Informática  - PUCV ', 3),
(13, 'Diplomando en Docencia para la Educación Superior - UNAB', 3),
(14, 'Ingeniero en Informática Aplicada - UV', 3),
(15, 'Magíster en Ciencias de la Ingeniería Electrónica, UTFSM', 4),
(16, 'Ingeniero Civil Electrónico, UTFSM', 4),
(17, 'Doctor en Ingeniería Informática UTFSM (2012)', 5),
(18, 'Magíster en Informática UTFSM (2006)', 5),
(19, 'Ingeniero Civil Informático UTFSM (2006)', 5),
(20, 'Doctor en Matemáticas, Universidad de Sevilla (2010), España', 7),
(21, 'Magíster en Matemáticas, Universidad de Sevilla (2010), España', 7),
(22, 'Graduado en Computación Cientifica, Universidad de La Habana (2002), Cuba', 7),
(23, 'Magister en Ingeniería Informática, Universidad Técnica Federico Santa María, 2007', 8),
(24, 'Ingeniero Civil Informático, Universidad Técnica Federico Santa María, 2007', 8),
(25, 'Ingeniero en ejecución en Informática - PUCV - 1992 - Chile', 9),
(26, 'Pedagogía en Matemáticas - UPLA - 1988 - Chile', 9),
(27, 'Magister en Ciencias de la Computación (2012, U. de Chile)', 6),
(28, 'Ingeniero Informática Aplicada UV (2005)', 6);

-- -----------------------------------------------------
-- Table `tallerapp`.`usuario_administrador`
-- -----------------------------------------------------
DROP TABLE IF EXISTS `tallerapp`.`usuario_administrador` ;

CREATE TABLE IF NOT EXISTS `tallerapp`.`usuario_administrador` (
  `rut` VARCHAR(15) NOT NULL,
  `nombre` VARCHAR(20) NOT NULL,
  `apellido` VARCHAR(20) NOT NULL,
  `mail` VARCHAR(50) NOT NULL,
  `password` VARCHAR(20) NOT NULL,
  `nickname` VARCHAR(30) NOT NULL,
  `tipo` VARCHAR(12) NOT NULL,
  PRIMARY KEY (`rut`))
ENGINE = InnoDB
DEFAULT CHARACTER SET = utf8;

INSERT INTO `usuario_administrador` (`rut`, `nombre`, `apellido`, `mail`, `password`, `nickname`, `tipo`) VALUES
('11111111-1', 'Jorge', 'Garin', 'jorge.garinr@alumnos.uv.cl', 'admin', 'admin', 'superadmin'),
('16484897-3', 'Jorge', 'Garin', 'jorge.garinr@alumnos.uv.cl', 'garinroman', 'jgarinr', 'admin');

-- -----------------------------------------------------
-- Table `tallerapp`.`objetivo`
-- -----------------------------------------------------
DROP TABLE IF EXISTS `tallerapp`.`objetivo` ;

CREATE TABLE IF NOT EXISTS `tallerapp`.`objetivo` (
  `idobjetivo` INT NOT NULL,
  `descripcio_objetivo` LONGTEXT NOT NULL,
  `asignatura_id` INT(11) NOT NULL,
  PRIMARY KEY (`idobjetivo`),
  INDEX `fk_objetivo_asignatura1_idx` (`asignatura_id` ASC),
  CONSTRAINT `fk_objetivo_asignatura1`
    FOREIGN KEY (`asignatura_id`)
    REFERENCES `tallerapp`.`asignatura` (`id`)
    ON DELETE NO ACTION
    ON UPDATE NO ACTION)
ENGINE = InnoDB;


-- -----------------------------------------------------
-- Table `tallerapp`.`asignatura_has_relacion`
-- -----------------------------------------------------
DROP TABLE IF EXISTS `tallerapp`.`asignatura_has_relacion` ;

CREATE TABLE IF NOT EXISTS `tallerapp`.`asignatura_has_relacion` (
  `asignatura_id` INT(11) NOT NULL,
  `relacion_cod_malla` VARCHAR(6) NOT NULL,
  PRIMARY KEY (`asignatura_id`, `relacion_cod_malla`),
  INDEX `fk_asignatura_has_relacion_relacion1_idx` (`relacion_cod_malla` ASC),
  INDEX `fk_asignatura_has_relacion_asignatura1_idx` (`asignatura_id` ASC),
  CONSTRAINT `fk_asignatura_has_relacion_asignatura1`
    FOREIGN KEY (`asignatura_id`)
    REFERENCES `tallerapp`.`asignatura` (`id`)
    ON DELETE NO ACTION
    ON UPDATE NO ACTION,
  CONSTRAINT `fk_asignatura_has_relacion_relacion1`
    FOREIGN KEY (`relacion_cod_malla`)
    REFERENCES `tallerapp`.`relacion` (`cod_malla`)
    ON DELETE NO ACTION
    ON UPDATE NO ACTION)
ENGINE = InnoDB
DEFAULT CHARACTER SET = utf8;

INSERT INTO `asignatura_has_relacion` (`asignatura_id`, `relacion_cod_malla`) VALUES
(0, 'INC101'),
(0, 'INC110'),
(0, 'INC111'),
(0, 'INC201'),
(0, 'INC204'),
(0, 'INC210'),
(0, 'INC300'),
(1, 'INC100'),
(1, 'INC110'),
(1, 'INC111'),
(1, 'INC200'),
(1, 'INC201'),
(1, 'INC204'),
(1, 'INC210'),
(1, 'INC300'),
(1, 'INC301'),
(1, 'INC400'),
(1, 'INC505'),
(2, 'INC112'),
(2, 'INC202'),
(2, 'INC302'),
(2, 'INC403'),
(2, 'INC415'),
(3, 'INC104'),
(3, 'INC114'),
(3, 'INC610'),
(4, 'INC103'),
(4, 'INC114'),
(4, 'INC610'),
(5, 'INC200'),
(5, 'INC300'),
(5, 'INC301'),
(5, 'INC400'),
(6, 'INC201'),
(6, 'INC204'),
(6, 'INC301'),
(6, 'INC400'),
(7, 'INC100'),
(7, 'INC102'),
(7, 'INC202'),
(7, 'INC211'),
(7, 'INC302'),
(7, 'INC403'),
(7, 'INC415'),
(8, 'INC100'),
(8, 'INC301'),
(9, 'INC103'),
(9, 'INC104'),
(9, 'INC610'),
(10, 'INC100'),
(10, 'INC101'),
(10, 'INC110'),
(10, 'INC111'),
(10, 'INC300'),
(10, 'INC301'),
(10, 'INC400'),
(11, 'INC101'),
(11, 'INC111'),
(11, 'INC301'),
(11, 'INC400'),
(12, 'INC100'),
(12, 'INC102'),
(12, 'INC112'),
(12, 'INC211'),
(12, 'INC403'),
(12, 'INC415'),
(12, 'INC515'),
(13, 'INC100'),
(13, 'INC113'),
(13, 'INC212'),
(13, 'INC213'),
(13, 'INC303'),
(13, 'INC311'),
(13, 'INC403'),
(14, 'INC100'),
(14, 'INC102'),
(14, 'INC112'),
(14, 'INC201'),
(14, 'INC211'),
(14, 'INC300'),
(14, 'INC305'),
(15, 'INC215'),
(16, 'INC100'),
(16, 'INC110'),
(16, 'INC111'),
(16, 'INC200'),
(16, 'INC201'),
(16, 'INC204'),
(17, 'INC102'),
(17, 'INC112'),
(17, 'INC202'),
(17, 'INC204'),
(17, 'INC302'),
(17, 'INC412'),
(17, 'INC415'),
(18, 'INC113'),
(18, 'INC203'),
(18, 'INC213'),
(18, 'INC303'),
(18, 'INC311'),
(18, 'INC403'),
(19, 'INC304'),
(19, 'INC610'),
(20, 'INC504'),
(20, 'INC510'),
(21, 'INC205'),
(22, 'INC101'),
(22, 'INC111'),
(22, 'INC201'),
(22, 'INC210'),
(23, 'INC100'),
(23, 'INC101'),
(23, 'INC110'),
(23, 'INC111'),
(23, 'INC200'),
(23, 'INC300'),
(24, 'INC112'),
(24, 'INC202'),
(24, 'INC204'),
(24, 'INC211'),
(24, 'INC415'),
(25, 'INC113'),
(25, 'INC203'),
(25, 'INC212'),
(25, 'INC403'),
(26, 'INC313'),
(26, 'INC404'),
(26, 'INC413'),
(26, 'INC505'),
(26, 'INC513'),
(26, 'INC514'),
(27, 'INC315'),
(27, 'INC405'),
(28, 'INC100'),
(28, 'INC101'),
(28, 'INC201'),
(28, 'INC300'),
(28, 'INC515'),
(29, 'INC203'),
(29, 'INC212'),
(29, 'INC513'),
(30, 'INC503'),
(31, 'INC404'),
(31, 'INC413'),
(31, 'INC514'),
(32, 'INC414'),
(32, 'INC510'),
(33, 'INC305'),
(33, 'INC405'),
(34, 'INC100'),
(34, 'INC101'),
(34, 'INC110'),
(34, 'INC111'),
(34, 'INC200'),
(34, 'INC300'),
(34, 'INC301'),
(35, 'INC411'),
(35, 'INC413'),
(35, 'INC500'),
(35, 'INC514'),
(36, 'INC411'),
(36, 'INC412'),
(36, 'INC413'),
(36, 'INC504'),
(36, 'INC515'),
(37, 'INC113'),
(37, 'INC203'),
(37, 'INC212'),
(37, 'INC303'),
(38, 'INC413'),
(38, 'INC514'),
(39, 'INC305'),
(39, 'INC315'),
(40, 'INC513'),
(41, 'INC401'),
(41, 'INC402'),
(41, 'INC412'),
(41, 'INC500'),
(41, 'INC514'),
(42, 'INC402'),
(42, 'INC411'),
(42, 'INC501'),
(42, 'INC502'),
(42, 'INC511'),
(42, 'INC512'),
(42, 'INC514'),
(43, 'INC313'),
(43, 'INC404'),
(43, 'INC413'),
(43, 'INC504'),
(43, 'INC505'),
(43, 'INC513'),
(43, 'INC514'),
(44, 'INC504'),
(44, 'INC505'),
(45, 'INC112'),
(45, 'INC202'),
(45, 'INC302'),
(45, 'INC403'),
(46, 'INC401'),
(46, 'INC411'),
(47, 'INC511'),
(48, 'INC512'),
(48, 'INC600'),
(49, 'INC312'),
(50, 'INC313'),
(50, 'INC404'),
(50, 'INC413'),
(50, 'INC414'),
(50, 'INC505'),
(50, 'INC513'),
(50, 'INC514'),
(51, 'INC414'),
(52, 'INC314'),
(52, 'INC414'),
(53, 'INC501'),
(53, 'INC600'),
(54, 'INC502'),
(55, 'INC112'),
(55, 'INC202'),
(55, 'INC302'),
(55, 'INC311'),
(55, 'INC403'),
(55, 'INC415'),
(56, 'INC112'),
(56, 'INC202'),
(56, 'INC302'),
(56, 'INC403'),
(56, 'INC415'),
(57, 'INC202'),
(57, 'INC310'),
(58, 'INC502'),
(58, 'INC512'),
(59, 'INC611'),
(60, 'INC601'),
(60, 'INC610'),
(60, 'INC611'),
(61, 'INC103'),
(61, 'INC104'),
(61, 'INC114'),
(61, 'INC213'),
(61, 'INC602'),
(62, 'INC601');

SET SQL_MODE=@OLD_SQL_MODE;
SET FOREIGN_KEY_CHECKS=@OLD_FOREIGN_KEY_CHECKS;
SET UNIQUE_CHECKS=@OLD_UNIQUE_CHECKS;
